-- Adminer 4.8.1 MySQL 5.5.5-10.6.12-MariaDB-0ubuntu0.22.04.1 dump

SET NAMES utf8;
SET time_zone = '+00:00';
SET foreign_key_checks = 0;
SET sql_mode = 'NO_AUTO_VALUE_ON_ZERO';

SET NAMES utf8mb4;

DROP DATABASE IF EXISTS `weddingwise`;
CREATE DATABASE `weddingwise` /*!40100 DEFAULT CHARACTER SET utf8mb4 COLLATE utf8mb4_general_ci */;
USE `weddingwise`;

DROP TABLE IF EXISTS `budget_entries`;
CREATE TABLE `budget_entries` (
`id` bigint(20) NOT NULL AUTO_INCREMENT,
`customer_id` bigint(20) NOT NULL,
`vendor_id` bigint(20) NOT NULL,
`amount` decimal(19,2) NOT NULL,
PRIMARY KEY (`id`),
KEY `budget_vendor_id_fk` (`vendor_id`),
KEY `budget_customer_id_fk` (`customer_id`),
KEY `budget_entries_id_index` (`id`),
CONSTRAINT `budget_customer_id_fk` FOREIGN KEY (`customer_id`) REFERENCES `users` (`id`),
CONSTRAINT `budget_vendor_id_fk` FOREIGN KEY (`vendor_id`) REFERENCES `users` (`id`)
) ENGINE=InnoDB DEFAULT CHARSET=utf8mb4 COLLATE=utf8mb4_general_ci;


DROP TABLE IF EXISTS `customers`;
CREATE TABLE `customers` (
`id` bigint(20) NOT NULL AUTO_INCREMENT,
`budget` int(11) DEFAULT NULL,
`guest_count` int(11) DEFAULT NULL,
`partner_fname` varchar(50) NOT NULL,
`partner_lname` varchar(50) NOT NULL,
`user_id` bigint(20) NOT NULL,
`wedding_dt` date DEFAULT NULL,
PRIMARY KEY (`id`),
KEY `foreign_key_name` (`user_id`),
CONSTRAINT `foreign_key_name` FOREIGN KEY (`user_id`) REFERENCES `users` (`id`)
) ENGINE=InnoDB DEFAULT CHARSET=utf8mb4 COLLATE=utf8mb4_general_ci;

INSERT INTO `customers` (`id`, `budget`, `guest_count`, `partner_fname`, `partner_lname`, `user_id`, `wedding_dt`) VALUES
(1,	7600,	75,	'Damian',	'Brooks',	12,	'2024-06-22'),
(11,	2,	3,	'newr',	'girl',	24,	'2023-04-26'),
(12,	4,	5,	'francis',	'common',	25,	'2023-04-26'),
(13,	20000,	250,	'kimberly',	'hart',	26,	'2024-06-24'),
(14,	20000,	250,	'bonnie',	'prosser',	27,	'2024-10-26'),
(15,	10,	10,	'bonnie',	'parker',	28,	'2024-11-19'),
(16,	10,	10,	'Jane',	'Doe',	30,	'2024-07-04'),
(17,	10,	10,	'Beyonce',	'Knowles',	31,	'2025-06-28'),
(18,	10,	10,	'Cher',	'Sarkisian',	32,	'2023-05-26'),
(19,	10,	10,	'Rita',	'Wilson',	33,	'2023-04-21'),
(25,	10,	10,	'katie',	'holmes',	39,	'2023-07-29'),
(26,	10,	10,	'Angelia',	'Jolie',	40,	'2023-07-29'),
(27,	10,	10,	'gilly',	'banks',	43,	'2023-05-26'),
(30,	10,	10,	'Charlotte',	'Webb',	48,	'2023-04-29'),
(31,	10,	10,	'otra',	'vez',	49,	'2024-06-26'),
(32,	10,	10,	'miss',	'piggy',	50,	'2023-04-29'),
(33,	10,	10,	'jill',	'biden',	51,	'2023-04-22'),
(34,	5000000,	1000,	'Sandra',	'Bullock',	52,	'2026-06-06'),
(40,	1,	1,	'goldie',	'hawn',	58,	'2025-07-05'),
(41,	1500,	20,	'Katy',	'Knight',	59,	'2023-05-05'),
(42,	19799,	148,	'Hubert',	'Wheeler',	153,	'2023-11-12'),
(43,	15667,	117,	'Arthur',	'King',	154,	'2024-02-08'),
(44,	19674,	147,	'Lorenzo',	'Drake',	155,	'2024-03-29'),
(45,	15567,	116,	'Wesley',	'Bullock',	156,	'2023-12-31'),
(46,	23034,	172,	'Craig',	'Wu',	157,	'2023-10-11'),
(47,	21681,	162,	'Andre',	'Hayden',	158,	'2024-03-19'),
(48,	21313,	159,	'Jen',	'Vaughn',	159,	'2024-01-12'),
(49,	20596,	154,	'Leon',	'Armstrong',	160,	'2023-12-01'),
(50,	14449,	108,	'Abraham',	'Park',	161,	'2024-01-04'),
(51,	19120,	143,	'Bruce',	'Sweeney',	162,	'2024-03-31'),
(52,	15080,	113,	'Harold',	'Meyer',	163,	'2023-09-20'),
(53,	18845,	141,	'Jan',	'Curry',	164,	'2024-02-13'),
(54,	14731,	110,	'Gregg',	'Johnson',	165,	'2023-09-06'),
(55,	22342,	167,	'Ruben',	'Bradley',	166,	'2023-09-01'),
(56,	23068,	173,	'Anthony',	'Singh',	167,	'2023-10-08'),
(57,	22894,	171,	'Arnold',	'Bass',	168,	'2023-10-20'),
(58,	16415,	123,	'Jimmy',	'McDonald',	169,	'2023-11-01'),
(59,	14692,	110,	'Travis',	'Cantrell',	170,	'2023-11-22'),
(60,	18856,	141,	'Francis',	'Copeland',	171,	'2024-02-19'),
(61,	20061,	150,	'Cliff',	'Davidson',	172,	'2024-03-27'),
(62,	21472,	161,	'Frankie',	'Clements',	173,	'2023-12-19'),
(63,	23766,	178,	'Greg',	'Sparks',	174,	'2023-12-30'),
(64,	14600,	109,	'Will',	'Travis',	175,	'2023-10-02'),
(65,	21342,	160,	'Curtis',	'Witt',	176,	'2024-01-23'),
(66,	17657,	132,	'Paul',	'Meyers',	177,	'2024-01-01'),
(67,	18297,	137,	'Thomas',	'Dixon',	178,	'2023-12-08'),
(68,	21104,	158,	'Randolph',	'Rodgers',	179,	'2024-04-26'),
(69,	19095,	143,	'Al',	'Villarreal',	180,	'2023-11-17'),
(70,	21934,	164,	'Matt',	'Anderson',	181,	'2024-03-26'),
(71,	23168,	173,	'Emmanuel',	'McMillan',	182,	'2023-11-15'),
(72,	23625,	177,	'Mike',	'Preston',	183,	'2023-12-27'),
(73,	14685,	110,	'Christopher',	'Figueroa',	184,	'2023-12-01'),
(74,	20184,	151,	'Aaron',	'McGill',	185,	'2023-09-14'),
(75,	23402,	175,	'Damon',	'Bower',	186,	'2024-02-23'),
(76,	21082,	158,	'Preston',	'Cooley',	187,	'2023-12-13'),
(77,	18794,	140,	'Stanley',	'Bennett',	188,	'2024-03-06'),
(78,	19315,	144,	'Roderick',	'Rowe',	189,	'2024-04-19'),
(79,	14683,	110,	'Gerry',	'Roberts',	190,	'2024-01-21'),
(80,	16036,	120,	'Jeffrey',	'Daily',	191,	'2023-09-24'),
(81,	18330,	137,	'Dwayne',	'Goodwin',	192,	'2024-03-13');

DROP TABLE IF EXISTS `customer_vendors`;
CREATE TABLE `customer_vendors` (
`id` bigint(20) NOT NULL AUTO_INCREMENT,
`liked` tinyint(1) DEFAULT 0,
`selected` tinyint(1) NOT NULL DEFAULT 0,
`customer_id` bigint(20) NOT NULL,
`vendor_id` bigint(20) NOT NULL,
PRIMARY KEY (`id`),
KEY `customer_id` (`customer_id`),
KEY `vendor_id` (`vendor_id`),
CONSTRAINT `customer_vendors_ibfk_1` FOREIGN KEY (`customer_id`) REFERENCES `customers` (`id`),
CONSTRAINT `customer_vendors_ibfk_2` FOREIGN KEY (`vendor_id`) REFERENCES `vendors` (`id`)
) ENGINE=InnoDB DEFAULT CHARSET=utf8mb4 COLLATE=utf8mb4_general_ci;

INSERT INTO `customer_vendors` (`id`, `liked`, `selected`, `customer_id`, `vendor_id`) VALUES
(1,	1,	1,	1,	1),
(2,	0,	0,	1,	2),
(3,	0,	0,	1,	28),
(6,	1,	1,	1,	12),
(12,	1,	0,	1,	18),
(13,	1,	0,	1,	11),
(14,	0,	0,	1,	3),
(15,	0,	0,	1,	30),
(16,	0,	0,	1,	15),
(17,	1,	0,	1,	22),
(18,	1,	0,	1,	13),
(19,	0,	0,	1,	33),
(20,	1,	0,	1,	16),
(21,	1,	0,	1,	35),
(22,	1,	0,	1,	81),
(23,	0,	0,	1,	89),
(24,	0,	0,	1,	17);

DROP TABLE IF EXISTS `djs_and_live_bands`;
CREATE TABLE `djs_and_live_bands` (
`id` bigint(20) NOT NULL AUTO_INCREMENT,
`dalb_category_id` bigint(20) NOT NULL,
`vendor_id` bigint(20) NOT NULL,
PRIMARY KEY (`id`),
KEY `vendor_id` (`vendor_id`),
KEY `djs_and_live_bands_djs_and_live_bands_categories_id_fk` (`dalb_category_id`),
CONSTRAINT `djs_and_live_bands_djs_and_live_bands_categories_id_fk` FOREIGN KEY (`dalb_category_id`) REFERENCES `djs_and_live_bands_categories` (`id`),
CONSTRAINT `djs_and_live_bands_ibfk_1` FOREIGN KEY (`vendor_id`) REFERENCES `vendors` (`id`)
) ENGINE=InnoDB DEFAULT CHARSET=utf8mb4 COLLATE=utf8mb4_general_ci;

INSERT INTO `djs_and_live_bands` (`id`, `dalb_category_id`, `vendor_id`) VALUES
(1,	1,	3),
(2,	1,	31),
(4,	2,	35),
(5,	1,	36),
(6,	1,	89),
(7,	1,	90),
(8,	1,	91),
(9,	1,	92),
(10,	3,	93),
(11,	4,	94),
(12,	1,	95),
(13,	1,	96),
(14,	1,	97),
(15,	2,	98);

DROP TABLE IF EXISTS `djs_and_live_bands_categories`;
CREATE TABLE `djs_and_live_bands_categories` (
`id` bigint(20) NOT NULL AUTO_INCREMENT,
`title` varchar(50) DEFAULT NULL,
PRIMARY KEY (`id`)
) ENGINE=InnoDB DEFAULT CHARSET=utf8mb4 COLLATE=utf8mb4_general_ci;

INSERT INTO `djs_and_live_bands_categories` (`id`, `title`) VALUES
(1,	'DJ'),
(2,	'Live Band'),
(3,	'Ensemble'),
(4,	'Solo Artist');

DROP TABLE IF EXISTS `djs_and_live_bands_music_genres`;
CREATE TABLE `djs_and_live_bands_music_genres` (
`id` bigint(20) NOT NULL AUTO_INCREMENT,
`dj_or_live_band_id` bigint(20) NOT NULL,
`music_genre_id` bigint(20) NOT NULL,
PRIMARY KEY (`id`),
KEY `dj_or_live_band_id` (`dj_or_live_band_id`),
KEY `music_genre_id` (`music_genre_id`),
CONSTRAINT `djs_and_live_bands_music_genres_ibfk_1` FOREIGN KEY (`dj_or_live_band_id`) REFERENCES `djs_and_live_bands` (`id`),
CONSTRAINT `djs_and_live_bands_music_genres_ibfk_2` FOREIGN KEY (`music_genre_id`) REFERENCES `music_genres` (`id`)
) ENGINE=InnoDB DEFAULT CHARSET=utf8mb4 COLLATE=utf8mb4_general_ci;

INSERT INTO `djs_and_live_bands_music_genres` (`id`, `dj_or_live_band_id`, `music_genre_id`) VALUES
(1,	2,	12),
(2,	2,	11),
(3,	2,	14),
(4,	2,	10),
(5,	2,	5),
(6,	2,	6),
(7,	2,	2),
(8,	2,	1),
(9,	2,	13),
(10,	2,	4),
(11,	2,	9),
(12,	2,	3),
(13,	2,	8),
(14,	2,	7),
(15,	2,	15),
(17,	4,	13),
(18,	5,	2),
(19,	5,	9),
(20,	5,	4),
(21,	5,	15),
(22,	5,	14),
(23,	5,	6),
(24,	5,	3),
(25,	5,	7),
(26,	5,	8),
(27,	5,	12),
(28,	5,	1),
(29,	5,	10),
(30,	5,	11),
(31,	5,	13),
(32,	5,	5),
(33,	6,	8),
(34,	6,	6),
(35,	6,	6),
(36,	6,	9),
(37,	6,	12),
(38,	6,	4),
(39,	6,	1),
(40,	6,	3),
(41,	6,	7),
(42,	6,	13),
(43,	6,	18),
(44,	6,	16),
(45,	11,	8),
(46,	11,	9),
(47,	11,	12),
(48,	11,	1),
(49,	11,	18),
(50,	11,	19),
(51,	13,	20),
(52,	13,	21),
(53,	13,	16),
(54,	13,	8),
(55,	13,	6),
(56,	13,	15),
(57,	13,	15),
(58,	13,	9),
(59,	13,	12),
(60,	13,	4),
(61,	13,	1),
(62,	13,	3),
(63,	13,	7),
(64,	13,	13),
(65,	13,	18),
(66,	13,	8),
(67,	14,	6),
(68,	14,	15),
(69,	14,	12),
(70,	14,	4),
(71,	14,	1),
(72,	14,	3),
(73,	14,	7),
(74,	14,	18),
(75,	14,	20),
(76,	15,	8),
(77,	15,	6),
(78,	15,	6),
(79,	15,	9),
(80,	15,	12),
(81,	15,	4),
(82,	15,	1),
(83,	15,	3),
(84,	15,	7),
(85,	15,	13),
(86,	15,	18),
(87,	15,	18);

DROP TABLE IF EXISTS `guest_lists`;
CREATE TABLE `guest_lists` (
`id` bigint(20) NOT NULL AUTO_INCREMENT,
`fname` varchar(50) NOT NULL,
`lname` varchar(50) NOT NULL,
`plus_one` bit(1) NOT NULL DEFAULT b'0',
`email` varchar(50) NOT NULL,
`ph_number` varchar(20) NOT NULL,
`street` varchar(50) NOT NULL,
`apt_no` varchar(20) DEFAULT NULL,
`city` varchar(50) NOT NULL,
`state` varchar(2) NOT NULL,
`zip` varchar(10) NOT NULL,
`rsvp` varchar(10) NOT NULL DEFAULT 'pending',
`customer_id` bigint(20) NOT NULL,
PRIMARY KEY (`id`),
KEY `customer_id` (`customer_id`),
CONSTRAINT `guest_lists_ibfk_1` FOREIGN KEY (`customer_id`) REFERENCES `customers` (`id`),
CONSTRAINT `CONSTRAINT_1` CHECK (`rsvp` in ('yes','no','pending'))
) ENGINE=InnoDB DEFAULT CHARSET=utf8mb4 COLLATE=utf8mb4_general_ci;

INSERT INTO `guest_lists` (`id`, `fname`, `lname`, `plus_one`, `email`, `ph_number`, `street`, `apt_no`, `city`, `state`, `zip`, `rsvp`, `customer_id`) VALUES
(1,	'clayton',	'priestley',	CONV('1', 2, 10) + 0,	'clayton@email.com',	'210-222-1111',	'4926 Happy St',	NULL,	'San Antonio',	'TX',	'78220',	'pending',	1);

DROP TABLE IF EXISTS `idea_board`;
CREATE TABLE `idea_board` (
`id` bigint(20) NOT NULL AUTO_INCREMENT,
`filepath` varchar(100) NOT NULL,
`customer_id` bigint(20) NOT NULL,
PRIMARY KEY (`id`),
KEY `customer_id` (`customer_id`),
CONSTRAINT `idea_board_ibfk_1` FOREIGN KEY (`customer_id`) REFERENCES `customers` (`id`)
) ENGINE=InnoDB DEFAULT CHARSET=utf8mb4 COLLATE=utf8mb4_general_ci;


DROP TABLE IF EXISTS `music_genres`;
CREATE TABLE `music_genres` (
`id` bigint(20) NOT NULL AUTO_INCREMENT,
`title` varchar(50) NOT NULL,
PRIMARY KEY (`id`)
) ENGINE=InnoDB DEFAULT CHARSET=utf8mb4 COLLATE=utf8mb4_general_ci;

INSERT INTO `music_genres` (`id`, `title`) VALUES
(1,	'Top 40/Pop'),
(2,	'Classic Rock'),
(3,	'R&B/Soul'),
(4,	'Motown'),
(5,	'Disco'),
(6,	'Funk'),
(7,	'Hip-Hop/Rap'),
(8,	'Country'),
(9,	'Jazz'),
(10,	'Swing'),
(11,	'Big Band'),
(12,	'Latin'),
(13,	'Reggae'),
(14,	'80s/90s Pop'),
(15,	'Electronic/Dance'),
(16,	'Classical\r'),
(17,	'Reggae\r'),
(18,	'Rock\r'),
(19,	'Arabic or Persian\r'),
(20,	'Blues\r'),
(21,	'Bollywood or Bhangra');

DROP TABLE IF EXISTS `photo_format`;
CREATE TABLE `photo_format` (
`id` bigint(20) NOT NULL AUTO_INCREMENT,
`title` varchar(50) DEFAULT NULL,
PRIMARY KEY (`id`)
) ENGINE=InnoDB DEFAULT CHARSET=utf8mb4 COLLATE=utf8mb4_general_ci;

INSERT INTO `photo_format` (`id`, `title`) VALUES
(1,	'Digital'),
(2,	'Film'),
(3,	'Both');

DROP TABLE IF EXISTS `principal_groups`;
CREATE TABLE `principal_groups` (
`id` bigint(20) NOT NULL AUTO_INCREMENT,
`code` varchar(20) NOT NULL,
`group` varchar(20) NOT NULL,
`description` varchar(50) NOT NULL,
PRIMARY KEY (`id`)
) ENGINE=InnoDB DEFAULT CHARSET=utf8mb4 COLLATE=utf8mb4_general_ci;

INSERT INTO `principal_groups` (`id`, `code`, `group`, `description`) VALUES
(1,	'ADMIN',	'Admin Group',	'Admin Group Authority'),
(2,	'CUSTOMER',	'Customer Group',	'Customer Group Authority'),
(3,	'VENDOR',	'Vendor Group',	'Vendor Group Authority');

DROP TABLE IF EXISTS `secure_tokens`;
CREATE TABLE `secure_tokens` (
`id` bigint(20) NOT NULL AUTO_INCREMENT,
`token` varchar(25) DEFAULT NULL,
`created_at` timestamp NOT NULL DEFAULT current_timestamp(),
`expires_at` datetime DEFAULT current_timestamp(),
`user_id` bigint(20) NOT NULL,
PRIMARY KEY (`id`),
UNIQUE KEY `token` (`token`),
KEY `secure_tokens_users_id_fk` (`user_id`),
CONSTRAINT `secure_tokens_users_id_fk` FOREIGN KEY (`user_id`) REFERENCES `users` (`id`)
) ENGINE=InnoDB DEFAULT CHARSET=utf8mb4 COLLATE=utf8mb4_general_ci;

INSERT INTO `secure_tokens` (`id`, `token`, `created_at`, `expires_at`, `user_id`) VALUES
(3,	'S1vMPF-tyfHITpa3w_50',	'2023-04-20 07:56:02',	'2023-04-20 15:56:02',	39),
(6,	'OPOBF4_R5RI872IagqYB',	'2023-04-21 20:42:54',	'2023-04-22 04:42:54',	48),
(28,	'LMWWkGMl0XM_os7fdyaG',	'2023-04-25 16:06:42',	'2023-04-26 00:06:42',	75);

DROP TABLE IF EXISTS `users`;
CREATE TABLE `users` (
`id` bigint(20) NOT NULL AUTO_INCREMENT,
`email` varchar(50) NOT NULL,
`username` varchar(50) NOT NULL,
`password` varchar(100) NOT NULL,
`first_name` varchar(25) NOT NULL,
`last_name` varchar(25) NOT NULL,
`account_verified` bit(1) NOT NULL DEFAULT b'0',
`failed_login_attempts` int(11) NOT NULL DEFAULT 0,
`login_disabled` bit(1) NOT NULL DEFAULT b'1',
`account_non_expired` bit(1) NOT NULL DEFAULT b'1',
`account_non_locked` bit(1) NOT NULL DEFAULT b'0',
`credentials_non_expired` bit(1) NOT NULL DEFAULT b'1',
`city` varchar(25) NOT NULL DEFAULT 'San Antonio',
`state` varchar(25) NOT NULL DEFAULT 'TX',
PRIMARY KEY (`id`),
UNIQUE KEY `email` (`email`),
UNIQUE KEY `username` (`username`)
) ENGINE=InnoDB DEFAULT CHARSET=utf8mb4 COLLATE=utf8mb4_general_ci;

INSERT INTO `users` (`id`, `email`, `username`, `password`, `first_name`, `last_name`, `account_verified`, `failed_login_attempts`, `login_disabled`, `account_non_expired`, `account_non_locked`, `credentials_non_expired`, `city`, `state`) VALUES
(1,	'micah@email.com',	'micah@email.com',	'$2a$10$GYNeIa.HSIqhpGA3tYfuxefGKJ1gCckwTyQAGXjaTs4WBjl3NKlGu',	'micah',	'larson',	CONV('1', 2, 10) + 0,	0,	CONV('0', 2, 10) + 0,	CONV('1', 2, 10) + 0,	CONV('1', 2, 10) + 0,	CONV('1', 2, 10) + 0,	'',	''),
(2,	'andrea@email.com',	'andrea@email.com',	'$2a$10$GYNeIa.HSIqhpGA3tYfuxefGKJ1gCckwTyQAGXjaTs4WBjl3NKlGu',	'andrea',	'varnado',	CONV('1', 2, 10) + 0,	0,	CONV('0', 2, 10) + 0,	CONV('1', 2, 10) + 0,	CONV('1', 2, 10) + 0,	CONV('1', 2, 10) + 0,	'',	''),
(3,	'billie@email.com',	'billie@email.com',	'$2a$10$GYNeIa.HSIqhpGA3tYfuxefGKJ1gCckwTyQAGXjaTs4WBjl3NKlGu',	'billie',	'dorries',	CONV('1', 2, 10) + 0,	0,	CONV('0', 2, 10) + 0,	CONV('1', 2, 10) + 0,	CONV('1', 2, 10) + 0,	CONV('1', 2, 10) + 0,	'',	''),
(4,	'clayton@email.com',	'clayton@email.com',	'$2a$10$GYNeIa.HSIqhpGA3tYfuxefGKJ1gCckwTyQAGXjaTs4WBjl3NKlGu',	'clayton',	'priestley',	CONV('1', 2, 10) + 0,	0,	CONV('0', 2, 10) + 0,	CONV('1', 2, 10) + 0,	CONV('1', 2, 10) + 0,	CONV('1', 2, 10) + 0,	'',	''),
(5,	'raul@email.com',	'raul@email.com',	'$2a$10$GYNeIa.HSIqhpGA3tYfuxefGKJ1gCckwTyQAGXjaTs4WBjl3NKlGu',	'Raul',	'Hernandez',	CONV('1', 2, 10) + 0,	0,	CONV('0', 2, 10) + 0,	CONV('1', 2, 10) + 0,	CONV('1', 2, 10) + 0,	CONV('1', 2, 10) + 0,	'Santa Cruz',	'CA'),
(6,	'evelyn@email.com',	'aliyah@email.com',	'$2a$10$GYNeIa.HSIqhpGA3tYfuxefGKJ1gCckwTyQAGXjaTs4WBjl3NKlGu',	'Evelyn',	'Garcia',	CONV('1', 2, 10) + 0,	0,	CONV('0', 2, 10) + 0,	CONV('1', 2, 10) + 0,	CONV('1', 2, 10) + 0,	CONV('1', 2, 10) + 0,	'',	''),
(7,	'mario@email.com',	'maria@email.com',	'$2a$10$GYNeIa.HSIqhpGA3tYfuxefGKJ1gCckwTyQAGXjaTs4WBjl3NKlGu',	'Mario',	'Ruiz',	CONV('1', 2, 10) + 0,	0,	CONV('0', 2, 10) + 0,	CONV('1', 2, 10) + 0,	CONV('1', 2, 10) + 0,	CONV('1', 2, 10) + 0,	'',	''),
(8,	'greg@email.com',	'greg@email.com',	'$2a$10$GYNeIa.HSIqhpGA3tYfuxefGKJ1gCckwTyQAGXjaTs4WBjl3NKlGu',	'Greg',	'Reese',	CONV('1', 2, 10) + 0,	0,	CONV('0', 2, 10) + 0,	CONV('1', 2, 10) + 0,	CONV('1', 2, 10) + 0,	CONV('1', 2, 10) + 0,	'',	''),
(9,	'tommy@email.com',	'tommy@email.com',	'$2a$10$GYNeIa.HSIqhpGA3tYfuxefGKJ1gCckwTyQAGXjaTs4WBjl3NKlGu',	'Tommy',	'Scratch',	CONV('1', 2, 10) + 0,	0,	CONV('0', 2, 10) + 0,	CONV('1', 2, 10) + 0,	CONV('1', 2, 10) + 0,	CONV('1', 2, 10) + 0,	'',	''),
(10,	'desareye@email',	'desareye@email',	'$2a$10$GYNeIa.HSIqhpGA3tYfuxefGKJ1gCckwTyQAGXjaTs4WBjl3NKlGu',	'Desareye',	'Gonzales',	CONV('1', 2, 10) + 0,	0,	CONV('0', 2, 10) + 0,	CONV('1', 2, 10) + 0,	CONV('1', 2, 10) + 0,	CONV('1', 2, 10) + 0,	'',	''),
(11,	'jenna@email.com',	'jenna@email.com',	'$2a$10$GYNeIa.HSIqhpGA3tYfuxefGKJ1gCckwTyQAGXjaTs4WBjl3NKlGu',	'Jenna',	'Barbee',	CONV('1', 2, 10) + 0,	0,	CONV('0', 2, 10) + 0,	CONV('1', 2, 10) + 0,	CONV('1', 2, 10) + 0,	CONV('1', 2, 10) + 0,	'',	''),
(12,	'christie@email.com',	'christie@email.com',	'$2a$10$GYNeIa.HSIqhpGA3tYfuxefGKJ1gCckwTyQAGXjaTs4WBjl3NKlGu',	'Christina',	'Anton',	CONV('1', 2, 10) + 0,	0,	CONV('0', 2, 10) + 0,	CONV('1', 2, 10) + 0,	CONV('1', 2, 10) + 0,	CONV('1', 2, 10) + 0,	'San Antonio',	'TX'),
(24,	'newGuy@email.com',	'newGuy@email.com',	'$2a$10$asWtWFrSzQlVnoL2j4O/vO/2QwES7nDkJayZvzUMwU8d18.0veRqW',	'new',	'guy',	CONV('1', 2, 10) + 0,	0,	CONV('0', 2, 10) + 0,	CONV('1', 2, 10) + 0,	CONV('1', 2, 10) + 0,	CONV('1', 2, 10) + 0,	'',	''),
(25,	'AnotherNewGuy@email.com',	'AnotherNewGuy@email.com',	'$2a$10$aPDOrnn8WSiqAR.qrPC7peIBNRdCTBkSWOG40demjWRf0g7RDjVNy',	'frank',	'furter',	CONV('1', 2, 10) + 0,	0,	CONV('0', 2, 10) + 0,	CONV('1', 2, 10) + 0,	CONV('1', 2, 10) + 0,	CONV('1', 2, 10) + 0,	'',	''),
(26,	'tommy.o@email.com',	'tommy.o@email.com',	'$2a$10$4zVsbRkLed01wTZL1sdxPuQSzVD8FBGgv.AlihI7Hpd2SRfaMk/Vq',	'tommy',	'oliver',	CONV('1', 2, 10) + 0,	0,	CONV('0', 2, 10) + 0,	CONV('1', 2, 10) + 0,	CONV('1', 2, 10) + 0,	CONV('1', 2, 10) + 0,	'orange grove',	'CO'),
(27,	'carl.elder@email.com',	'carl.elder@email.com',	'$2a$10$o9NRTC0rrkMH2RdmDBciju1ucLQzz.AvWbKQgkn21X.gKDtRcbqau',	'carl',	'elder',	CONV('1', 2, 10) + 0,	0,	CONV('0', 2, 10) + 0,	CONV('1', 2, 10) + 0,	CONV('1', 2, 10) + 0,	CONV('1', 2, 10) + 0,	'san antonio',	'TX'),
(28,	'clyde@email.com',	'clyde@email.com',	'$2a$10$AlS6.zE7ASLu4zkOBCleXu94.f29KxkoesqAGdUpbbFOzBHlqCmVq',	'clyde',	'barrow',	CONV('1', 2, 10) + 0,	0,	CONV('0', 2, 10) + 0,	CONV('1', 2, 10) + 0,	CONV('1', 2, 10) + 0,	CONV('1', 2, 10) + 0,	'rowena',	'TX'),
(30,	'joe.schmoe@email.com',	'joe.schmoe@email.com',	'$2a$10$lltY6plUV5BzAc4xfcZUUONoy49Y8DJYAaqcSzzf8PhtzGYtMR32.',	'Joe',	'Schmoe',	CONV('1', 2, 10) + 0,	0,	CONV('0', 2, 10) + 0,	CONV('1', 2, 10) + 0,	CONV('1', 2, 10) + 0,	CONV('1', 2, 10) + 0,	'Brookhaven',	'MS'),
(31,	'hov@email.com',	'hov@email.com',	'$2a$10$/Tbp3wcfusX7cpJPmW4T3esIypBm0OJ0X6BVeNgOSveuexWIPwMe6',	'Sean',	'Carter',	CONV('1', 2, 10) + 0,	0,	CONV('0', 2, 10) + 0,	CONV('1', 2, 10) + 0,	CONV('1', 2, 10) + 0,	CONV('1', 2, 10) + 0,	'New York',	'NY'),
(32,	'sonny@email.com',	'sonny@email.com',	'$2a$10$gZxw29AvuCyL4eeUeRjk7O4izak.9UX/4iBe6tFasgkeI5v7BUwxK',	'Salvatore',	'Bono',	CONV('1', 2, 10) + 0,	0,	CONV('0', 2, 10) + 0,	CONV('1', 2, 10) + 0,	CONV('1', 2, 10) + 0,	CONV('1', 2, 10) + 0,	'Los Angels',	'CO'),
(33,	'tom.hanks@email.com',	'tom.hanks@email.com',	'$2a$10$Lsnx5bydIF1eVLt/TFSvaOzxahN8jXYjBr4tQaaSqmQ1DLc0O6XZu',	'Tom',	'Hanks',	CONV('1', 2, 10) + 0,	0,	CONV('0', 2, 10) + 0,	CONV('1', 2, 10) + 0,	CONV('1', 2, 10) + 0,	CONV('1', 2, 10) + 0,	'Los Angeles',	'CA'),
(39,	'tom.cruise@email',	'tom.cruise@email',	'$2a$10$Tn5lZCmx0PWzXhZZL1xfreRI0yymPb5Mm548b4ZnQ5xBvEgAmo9t2',	'tom',	'cruise',	CONV('1', 2, 10) + 0,	0,	CONV('0', 2, 10) + 0,	CONV('1', 2, 10) + 0,	CONV('1', 2, 10) + 0,	CONV('1', 2, 10) + 0,	'Los Angels',	'CA'),
(40,	'brad.pitt@email.com',	'brad.pitt@email.com',	'$2a$10$isbliWKHxKoIaZ8AQlK4Ku89eI2adRnmjbwwMeY8pkVvwPwIZMiw.',	'Brad',	'Pitt',	CONV('1', 2, 10) + 0,	0,	CONV('0', 2, 10) + 0,	CONV('1', 2, 10) + 0,	CONV('1', 2, 10) + 0,	CONV('1', 2, 10) + 0,	'los angeles',	'CA'),
(42,	'molly.florist@email.com',	'molly.florist@email.com',	'$2a$10$yiu0cpThUUkt960bLMT7F.vjrZnbi57PdCLXON00OkqjD01xim9eO',	'molly',	'florist',	CONV('1', 2, 10) + 0,	0,	CONV('0', 2, 10) + 0,	CONV('1', 2, 10) + 0,	CONV('1', 2, 10) + 0,	CONV('1', 2, 10) + 0,	'san antonio',	'TX'),
(43,	'billy.blanks@email.com',	'billy.blanks@email.com',	'$2a$10$GS3nqqxwfBBcU4ma8.H2Quv6HxFi/cqAyTxNpLvfwMotcXlhX4GOG',	'billy',	'blanks',	CONV('1', 2, 10) + 0,	0,	CONV('0', 2, 10) + 0,	CONV('1', 2, 10) + 0,	CONV('1', 2, 10) + 0,	CONV('1', 2, 10) + 0,	'san antonio',	'TX'),
(45,	'candy.barr@email.com',	'candy.barr@email.com',	'$2a$10$qNB5xTYKh1eIvh28kCpbv.GQlygOaX.JqWLNje5b/IIZ5p/hdNj46',	'candy',	'barr',	CONV('1', 2, 10) + 0,	0,	CONV('0', 2, 10) + 0,	CONV('1', 2, 10) + 0,	CONV('1', 2, 10) + 0,	CONV('1', 2, 10) + 0,	'san antonio',	'TX'),
(48,	'wilber.pig@email.com',	'wilber.pig@email.com',	'$2a$10$KK/mLxhRGkJF2RULPwmCLO8RCYMLc.yWZzBBOIcgh2qd3Ru.N/QOC',	'Wilber',	'Webb',	CONV('1', 2, 10) + 0,	0,	CONV('0', 2, 10) + 0,	CONV('1', 2, 10) + 0,	CONV('1', 2, 10) + 0,	CONV('1', 2, 10) + 0,	'San Antonio',	'TX'),
(49,	'juan.more@email.com',	'juan.more@email.com',	'$2a$10$HFJSNGL21P9Cq/S6M4Zk9ewlZHQeUWIDhdo7NkyIWwoVqFHxbQJmy',	'juan',	'more',	CONV('1', 2, 10) + 0,	0,	CONV('0', 2, 10) + 0,	CONV('1', 2, 10) + 0,	CONV('1', 2, 10) + 0,	CONV('1', 2, 10) + 0,	'san antonio',	'TX'),
(50,	'kermitt.thefrog@email.com',	'kermitt.thefrog@email.com',	'$2a$10$YN91RRd2oPRNHmQf9XN5oeUIVwp83QFaDtrp6FdjP/.wU/PeAtPT.',	'kermitt',	'thefrogg',	CONV('1', 2, 10) + 0,	0,	CONV('0', 2, 10) + 0,	CONV('1', 2, 10) + 0,	CONV('1', 2, 10) + 0,	CONV('1', 2, 10) + 0,	'new york',	'NY'),
(51,	'joe.biden@email.com',	'joe.biden@email.com',	'$2a$10$9V/w1iY2zVOAOSnwOVhdeud9WA9NbRfZ/LJD2nwXeatF0ZUfPXaeS',	'joe',	'biden',	CONV('1', 2, 10) + 0,	0,	CONV('0', 2, 10) + 0,	CONV('1', 2, 10) + 0,	CONV('1', 2, 10) + 0,	CONV('1', 2, 10) + 0,	'scranton',	'PA'),
(52,	'keanu@email.com',	'keanu@email.com',	'$2a$10$wMb8YMXdzQvPDgeBtrq0Heposld1CpDNUiDtmSCl0JB/ovR5D6jrq',	'Keanu',	'Reeves',	CONV('1', 2, 10) + 0,	0,	CONV('0', 2, 10) + 0,	CONV('1', 2, 10) + 0,	CONV('1', 2, 10) + 0,	CONV('1', 2, 10) + 0,	'Los Angeles',	'CA'),
(58,	'kurt.russell@email.com',	'kurt.russell@email.com',	'$2a$10$qaYFFNBkund8PsqJSq6Es.mNG2DSN/wEFnXCDs9lvsDAnAUv194Mm',	'kurt',	'russell',	CONV('1', 2, 10) + 0,	0,	CONV('0', 2, 10) + 0,	CONV('1', 2, 10) + 0,	CONV('1', 2, 10) + 0,	CONV('1', 2, 10) + 0,	'los angeles',	'CA'),
(59,	'jeff@email.com',	'jeff@email.com',	'$2a$10$Ysn9ZyQQhxH5LQjEGnSbSuhPwkkr4txQRY7uHkI2bTy57uuvRrhGy',	'Jeff',	'Bloom',	CONV('1', 2, 10) + 0,	0,	CONV('0', 2, 10) + 0,	CONV('1', 2, 10) + 0,	CONV('1', 2, 10) + 0,	CONV('1', 2, 10) + 0,	'San Antonio',	'TX'),
(60,	'chicken@email.com',	'chicken@email.com',	'$2a$10$qMzmfUOM1517qndiEjGnEueqoe3waq2WEnqko3q2TSPvXXHJRh/de',	'Cheryl',	'Jones',	CONV('1', 2, 10) + 0,	0,	CONV('0', 2, 10) + 0,	CONV('1', 2, 10) + 0,	CONV('1', 2, 10) + 0,	CONV('1', 2, 10) + 0,	'San Antonio',	'TX'),
(61,	'jen@email.com',	'jen@email.com',	'$2a$10$v7lc49wmaywoCIKFTx0ySuIE7MvEeUWs7hLiyKNkeobiA69ztkuuu',	'Jen',	'Knight',	CONV('1', 2, 10) + 0,	0,	CONV('0', 2, 10) + 0,	CONV('1', 2, 10) + 0,	CONV('1', 2, 10) + 0,	CONV('1', 2, 10) + 0,	'San Antonio',	'TX'),
(63,	'or2k@email.com',	'or2k@email.com',	'$2a$10$x1CXAs0GS208XHRzNND8hO.Lc6Nb.DGyYmdKCOFMWeGonyPSKv4Mm',	'Kabu',	'Omari',	CONV('1', 2, 10) + 0,	0,	CONV('0', 2, 10) + 0,	CONV('1', 2, 10) + 0,	CONV('1', 2, 10) + 0,	CONV('1', 2, 10) + 0,	'San',	'TX'),
(64,	'tyler@email.com',	'tyler@email.com',	'$2a$10$2DJtvXwq9oGDVNJ/l8HBEeKe2X2eYSW8..SGWzeuV3gfFhnnXlWva',	'Tyler',	'Smith',	CONV('1', 2, 10) + 0,	0,	CONV('0', 2, 10) + 0,	CONV('1', 2, 10) + 0,	CONV('1', 2, 10) + 0,	CONV('1', 2, 10) + 0,	'San Antonio',	'TX'),
(65,	'vintagefield@email.com',	'vintagefield@email.com',	'$2a$10$aOw6zTVruda.D7s1Z4HeaO//uI8.LYq6WdJXMbFxEpUtT3v/T5Xpy',	'Karinna',	'Cannon',	CONV('1', 2, 10) + 0,	0,	CONV('0', 2, 10) + 0,	CONV('1', 2, 10) + 0,	CONV('1', 2, 10) + 0,	CONV('1', 2, 10) + 0,	'san antonio',	'TX'),
(67,	'samantha@email.com',	'samantha@email.com',	'$2a$10$.xg30YjbkrcK9pCQvHjGv.7JCAbvmkp0WVcuNzrP/oVR1NkZqoVbK',	'Samantha',	'Hilton',	CONV('1', 2, 10) + 0,	0,	CONV('0', 2, 10) + 0,	CONV('1', 2, 10) + 0,	CONV('1', 2, 10) + 0,	CONV('1', 2, 10) + 0,	'San Antonio',	'TX'),
(71,	'johnny@email.com',	'johnny@email.com',	'$2a$10$tLSIZSSEHG5sfM5LxMOVrekw69E4pPYjnVqSS1DsqPXVVAP5dXf6.',	'Johnny',	'Whittenhouse',	CONV('1', 2, 10) + 0,	0,	CONV('0', 2, 10) + 0,	CONV('1', 2, 10) + 0,	CONV('1', 2, 10) + 0,	CONV('1', 2, 10) + 0,	'San Antonio',	'TX'),
(75,	'vitaliy@email.com',	'vitaliy@email.com',	'$2a$10$.mwTHJCUVwTjx1angdptve7MOLtmH/GAuyvvksna/SPpSvUA/RHvq',	'Vitaliy',	'Daniel',	CONV('0', 2, 10) + 0,	0,	CONV('1', 2, 10) + 0,	CONV('1', 2, 10) + 0,	CONV('1', 2, 10) + 0,	CONV('1', 2, 10) + 0,	'San Antonio',	'TX'),
(77,	'adeazefloral@email.com',	'adeazefloral@email.com',	'$2a$10$g.8OvYITr4phlCTjxA9FBOj5OR6oWwLtQhEIYIjQmZ4Xz.Zg9.9NK',	'Adeaze',	'Okwessa',	CONV('1', 2, 10) + 0,	0,	CONV('0', 2, 10) + 0,	CONV('1', 2, 10) + 0,	CONV('1', 2, 10) + 0,	CONV('1', 2, 10) + 0,	'San Antonio',	'TX'),
(79,	'wedding.photos@email.com',	'wedding.photos@email.com',	'$2a$10$54Vvq5iqlsdQeu8vGg6iCO.8Rg1bmfigQe6cYJaP8.L5z2nyQr5xe',	'wedding',	'photos',	CONV('1', 2, 10) + 0,	0,	CONV('0', 2, 10) + 0,	CONV('1', 2, 10) + 0,	CONV('1', 2, 10) + 0,	CONV('1', 2, 10) + 0,	'san antonio',	'TX'),
(80,	'dj.band@email.com',	'dj.band@email.com',	'$2a$10$XeDLgW11YhoTe4z.5FcYNOPSZ5nOPfd28gt5GBVjYkQjKTUoPsnRa',	'dj',	'band',	CONV('1', 2, 10) + 0,	0,	CONV('0', 2, 10) + 0,	CONV('1', 2, 10) + 0,	CONV('1', 2, 10) + 0,	CONV('1', 2, 10) + 0,	'san antonio',	'TX'),
(86,	'flowerMan@email.com',	'flowerMan@email.com',	'$2a$10$znNjrRena9FikJg4sWp/hOZuCRoFTzhi/zcMAdr1ioGAOeLMh0gou',	'Jim',	'Jones',	CONV('1', 2, 10) + 0,	0,	CONV('0', 2, 10) + 0,	CONV('1', 2, 10) + 0,	CONV('1', 2, 10) + 0,	CONV('1', 2, 10) + 0,	'Las Vegas',	'NV'),
(87,	'PicsRUS@email.com',	'PicsRUS@email.com',	'$2a$10$5qHwCwB3rUr0rt2ulZFfc.xGQAaav.ewFdngXw2.hnOkOLyuwj6si',	'Guy',	'Fieri',	CONV('1', 2, 10) + 0,	0,	CONV('0', 2, 10) + 0,	CONV('1', 2, 10) + 0,	CONV('1', 2, 10) + 0,	CONV('1', 2, 10) + 0,	'Hoboken',	'NJ'),
(88,	'WeJammin@email.com',	'WeJammin@email.com',	'$2a$10$ioDwSTPbB5Hf9/j8BnlBWuV//aOTzQo19SRVtgdhumUD0VNylR/OK',	'Bob',	'Marley',	CONV('1', 2, 10) + 0,	0,	CONV('0', 2, 10) + 0,	CONV('1', 2, 10) + 0,	CONV('1', 2, 10) + 0,	CONV('1', 2, 10) + 0,	'Paris',	'TX'),
(89,	'dj.music@email.com',	'dj.music@email.com',	'$2a$10$otCQmDX6x8R69Cc8uLmOeu55rXqAALNAFsDUtsca.TCiH3PuHo4oC',	'DJ',	'Music',	CONV('1', 2, 10) + 0,	0,	CONV('0', 2, 10) + 0,	CONV('1', 2, 10) + 0,	CONV('1', 2, 10) + 0,	CONV('1', 2, 10) + 0,	'San Antonio',	'TX'),
(90,	'kennith.mayo@email.com',	'kennith.mayo@email.com',	'$2a$10$GYNeIa.HSIqhpGA3tYfuxefGKJ1gCckwTyQAGXjaTs4WBjl3NKlGu',	'Kennith',	'Mayo',	CONV('0', 2, 10) + 0,	0,	CONV('1', 2, 10) + 0,	CONV('1', 2, 10) + 0,	CONV('0', 2, 10) + 0,	CONV('1', 2, 10) + 0,	'San Antonio',	'TX'),
(91,	'jerome.miles@email.com',	'jerome.miles@email.com',	'$2a$10$GYNeIa.HSIqhpGA3tYfuxefGKJ1gCckwTyQAGXjaTs4WBjl3NKlGu',	'Jerome',	'Miles',	CONV('0', 2, 10) + 0,	0,	CONV('1', 2, 10) + 0,	CONV('1', 2, 10) + 0,	CONV('0', 2, 10) + 0,	CONV('1', 2, 10) + 0,	'San Antonio',	'TX'),
(92,	'beth.ellis@email.com',	'beth.ellis@email.com',	'$2a$10$GYNeIa.HSIqhpGA3tYfuxefGKJ1gCckwTyQAGXjaTs4WBjl3NKlGu',	'Beth',	'Ellis',	CONV('0', 2, 10) + 0,	0,	CONV('1', 2, 10) + 0,	CONV('1', 2, 10) + 0,	CONV('0', 2, 10) + 0,	CONV('1', 2, 10) + 0,	'San Antonio',	'TX'),
(93,	'lucio.sherman@email.com',	'lucio.sherman@email.com',	'$2a$10$GYNeIa.HSIqhpGA3tYfuxefGKJ1gCckwTyQAGXjaTs4WBjl3NKlGu',	'Lucio',	'Sherman',	CONV('0', 2, 10) + 0,	0,	CONV('1', 2, 10) + 0,	CONV('1', 2, 10) + 0,	CONV('0', 2, 10) + 0,	CONV('1', 2, 10) + 0,	'San Antonio',	'TX'),
(94,	'florencio.davila@email.com',	'florencio.davila@email.com',	'$2a$10$GYNeIa.HSIqhpGA3tYfuxefGKJ1gCckwTyQAGXjaTs4WBjl3NKlGu',	'Florencio',	'Davila',	CONV('0', 2, 10) + 0,	0,	CONV('1', 2, 10) + 0,	CONV('1', 2, 10) + 0,	CONV('0', 2, 10) + 0,	CONV('1', 2, 10) + 0,	'San Antonio',	'TX'),
(95,	'terry.hansen@email.com',	'terry.hansen@email.com',	'$2a$10$GYNeIa.HSIqhpGA3tYfuxefGKJ1gCckwTyQAGXjaTs4WBjl3NKlGu',	'Terry',	'Hansen',	CONV('0', 2, 10) + 0,	0,	CONV('1', 2, 10) + 0,	CONV('1', 2, 10) + 0,	CONV('0', 2, 10) + 0,	CONV('1', 2, 10) + 0,	'San Antonio',	'TX'),
(96,	'zachariah.casey@email.com',	'zachariah.casey@email.com',	'$2a$10$GYNeIa.HSIqhpGA3tYfuxefGKJ1gCckwTyQAGXjaTs4WBjl3NKlGu',	'Zachariah',	'Casey',	CONV('0', 2, 10) + 0,	0,	CONV('1', 2, 10) + 0,	CONV('1', 2, 10) + 0,	CONV('0', 2, 10) + 0,	CONV('1', 2, 10) + 0,	'San Antonio',	'TX'),
(97,	'cory.thompson@email.com',	'cory.thompson@email.com',	'$2a$10$GYNeIa.HSIqhpGA3tYfuxefGKJ1gCckwTyQAGXjaTs4WBjl3NKlGu',	'Cory',	'Thompson',	CONV('0', 2, 10) + 0,	0,	CONV('1', 2, 10) + 0,	CONV('1', 2, 10) + 0,	CONV('0', 2, 10) + 0,	CONV('1', 2, 10) + 0,	'San Antonio',	'TX'),
(98,	'alfonso.long@email.com',	'alfonso.long@email.com',	'$2a$10$GYNeIa.HSIqhpGA3tYfuxefGKJ1gCckwTyQAGXjaTs4WBjl3NKlGu',	'Alfonso',	'Long',	CONV('0', 2, 10) + 0,	0,	CONV('1', 2, 10) + 0,	CONV('1', 2, 10) + 0,	CONV('0', 2, 10) + 0,	CONV('1', 2, 10) + 0,	'San Antonio',	'TX'),
(99,	'anibal.spence@email.com',	'anibal.spence@email.com',	'$2a$10$GYNeIa.HSIqhpGA3tYfuxefGKJ1gCckwTyQAGXjaTs4WBjl3NKlGu',	'Anibal',	'Spence',	CONV('0', 2, 10) + 0,	0,	CONV('1', 2, 10) + 0,	CONV('1', 2, 10) + 0,	CONV('0', 2, 10) + 0,	CONV('1', 2, 10) + 0,	'San Antonio',	'TX'),
(100,	'oren.kim@email.com',	'oren.kim@email.com',	'$2a$10$GYNeIa.HSIqhpGA3tYfuxefGKJ1gCckwTyQAGXjaTs4WBjl3NKlGu',	'Oren',	'Kim',	CONV('0', 2, 10) + 0,	0,	CONV('1', 2, 10) + 0,	CONV('1', 2, 10) + 0,	CONV('0', 2, 10) + 0,	CONV('1', 2, 10) + 0,	'San Antonio',	'TX'),
(101,	'kristie.boyd@email.com',	'kristie.boyd@email.com',	'$2a$10$GYNeIa.HSIqhpGA3tYfuxefGKJ1gCckwTyQAGXjaTs4WBjl3NKlGu',	'Kristie',	'Boyd',	CONV('0', 2, 10) + 0,	0,	CONV('1', 2, 10) + 0,	CONV('1', 2, 10) + 0,	CONV('0', 2, 10) + 0,	CONV('1', 2, 10) + 0,	'San Antonio',	'TX'),
(102,	'frederic.rubio@email.com',	'frederic.rubio@email.com',	'$2a$10$GYNeIa.HSIqhpGA3tYfuxefGKJ1gCckwTyQAGXjaTs4WBjl3NKlGu',	'Frederic',	'Rubio',	CONV('0', 2, 10) + 0,	0,	CONV('1', 2, 10) + 0,	CONV('1', 2, 10) + 0,	CONV('0', 2, 10) + 0,	CONV('1', 2, 10) + 0,	'San Antonio',	'TX'),
(103,	'marty.stafford@email.com',	'marty.stafford@email.com',	'$2a$10$GYNeIa.HSIqhpGA3tYfuxefGKJ1gCckwTyQAGXjaTs4WBjl3NKlGu',	'Marty',	'Stafford',	CONV('0', 2, 10) + 0,	0,	CONV('1', 2, 10) + 0,	CONV('1', 2, 10) + 0,	CONV('0', 2, 10) + 0,	CONV('1', 2, 10) + 0,	'San Antonio',	'TX'),
(104,	'roger.merritt@email.com',	'roger.merritt@email.com',	'$2a$10$GYNeIa.HSIqhpGA3tYfuxefGKJ1gCckwTyQAGXjaTs4WBjl3NKlGu',	'Roger',	'Merritt',	CONV('0', 2, 10) + 0,	0,	CONV('1', 2, 10) + 0,	CONV('1', 2, 10) + 0,	CONV('0', 2, 10) + 0,	CONV('1', 2, 10) + 0,	'San Antonio',	'TX'),
(105,	'bryant.wyatt@email.com',	'bryant.wyatt@email.com',	'$2a$10$GYNeIa.HSIqhpGA3tYfuxefGKJ1gCckwTyQAGXjaTs4WBjl3NKlGu',	'Bryant',	'Wyatt',	CONV('0', 2, 10) + 0,	0,	CONV('1', 2, 10) + 0,	CONV('1', 2, 10) + 0,	CONV('0', 2, 10) + 0,	CONV('1', 2, 10) + 0,	'San Antonio',	'TX'),
(106,	'john.rasmussen@email.com',	'john.rasmussen@email.com',	'$2a$10$GYNeIa.HSIqhpGA3tYfuxefGKJ1gCckwTyQAGXjaTs4WBjl3NKlGu',	'John',	'Rasmussen',	CONV('0', 2, 10) + 0,	0,	CONV('1', 2, 10) + 0,	CONV('1', 2, 10) + 0,	CONV('0', 2, 10) + 0,	CONV('1', 2, 10) + 0,	'San Antonio',	'TX'),
(107,	'rufus.gates@email.com',	'rufus.gates@email.com',	'$2a$10$GYNeIa.HSIqhpGA3tYfuxefGKJ1gCckwTyQAGXjaTs4WBjl3NKlGu',	'Rufus',	'Gates',	CONV('0', 2, 10) + 0,	0,	CONV('1', 2, 10) + 0,	CONV('1', 2, 10) + 0,	CONV('0', 2, 10) + 0,	CONV('1', 2, 10) + 0,	'San Antonio',	'TX'),
(108,	'vicente.lozano@email.com',	'vicente.lozano@email.com',	'$2a$10$GYNeIa.HSIqhpGA3tYfuxefGKJ1gCckwTyQAGXjaTs4WBjl3NKlGu',	'Vicente',	'Lozano',	CONV('0', 2, 10) + 0,	0,	CONV('1', 2, 10) + 0,	CONV('1', 2, 10) + 0,	CONV('0', 2, 10) + 0,	CONV('1', 2, 10) + 0,	'San Antonio',	'TX'),
(109,	'brandie.navarro@email.com',	'brandie.navarro@email.com',	'$2a$10$GYNeIa.HSIqhpGA3tYfuxefGKJ1gCckwTyQAGXjaTs4WBjl3NKlGu',	'Brandie',	'Navarro',	CONV('0', 2, 10) + 0,	0,	CONV('1', 2, 10) + 0,	CONV('1', 2, 10) + 0,	CONV('0', 2, 10) + 0,	CONV('1', 2, 10) + 0,	'San Antonio',	'TX'),
(110,	'heather.dickson@email.com',	'heather.dickson@email.com',	'$2a$10$GYNeIa.HSIqhpGA3tYfuxefGKJ1gCckwTyQAGXjaTs4WBjl3NKlGu',	'Heather',	'Dickson',	CONV('0', 2, 10) + 0,	0,	CONV('1', 2, 10) + 0,	CONV('1', 2, 10) + 0,	CONV('0', 2, 10) + 0,	CONV('1', 2, 10) + 0,	'San Antonio',	'TX'),
(111,	'dale.jarvis@email.com',	'dale.jarvis@email.com',	'$2a$10$GYNeIa.HSIqhpGA3tYfuxefGKJ1gCckwTyQAGXjaTs4WBjl3NKlGu',	'Dale',	'Jarvis',	CONV('0', 2, 10) + 0,	0,	CONV('1', 2, 10) + 0,	CONV('1', 2, 10) + 0,	CONV('0', 2, 10) + 0,	CONV('1', 2, 10) + 0,	'San Antonio',	'TX'),
(112,	'lelia.hines@email.com',	'lelia.hines@email.com',	'$2a$10$GYNeIa.HSIqhpGA3tYfuxefGKJ1gCckwTyQAGXjaTs4WBjl3NKlGu',	'Lelia',	'Hines',	CONV('0', 2, 10) + 0,	0,	CONV('1', 2, 10) + 0,	CONV('1', 2, 10) + 0,	CONV('0', 2, 10) + 0,	CONV('1', 2, 10) + 0,	'San Antonio',	'TX'),
(113,	'alexis.kaufman@email.com',	'alexis.kaufman@email.com',	'$2a$10$GYNeIa.HSIqhpGA3tYfuxefGKJ1gCckwTyQAGXjaTs4WBjl3NKlGu',	'Alexis',	'Kaufman',	CONV('0', 2, 10) + 0,	0,	CONV('1', 2, 10) + 0,	CONV('1', 2, 10) + 0,	CONV('0', 2, 10) + 0,	CONV('1', 2, 10) + 0,	'San Antonio',	'TX'),
(114,	'lakeisha.contreras@email.com',	'lakeisha.contreras@email.com',	'$2a$10$GYNeIa.HSIqhpGA3tYfuxefGKJ1gCckwTyQAGXjaTs4WBjl3NKlGu',	'Lakeisha',	'Contreras',	CONV('0', 2, 10) + 0,	0,	CONV('1', 2, 10) + 0,	CONV('1', 2, 10) + 0,	CONV('0', 2, 10) + 0,	CONV('1', 2, 10) + 0,	'San Antonio',	'TX'),
(115,	'britt.hartman@email.com',	'britt.hartman@email.com',	'$2a$10$GYNeIa.HSIqhpGA3tYfuxefGKJ1gCckwTyQAGXjaTs4WBjl3NKlGu',	'Britt',	'Hartman',	CONV('0', 2, 10) + 0,	0,	CONV('1', 2, 10) + 0,	CONV('1', 2, 10) + 0,	CONV('0', 2, 10) + 0,	CONV('1', 2, 10) + 0,	'San Antonio',	'TX'),
(116,	'sandy.ayala@email.com',	'sandy.ayala@email.com',	'$2a$10$GYNeIa.HSIqhpGA3tYfuxefGKJ1gCckwTyQAGXjaTs4WBjl3NKlGu',	'Sandy',	'Ayala',	CONV('0', 2, 10) + 0,	0,	CONV('1', 2, 10) + 0,	CONV('1', 2, 10) + 0,	CONV('0', 2, 10) + 0,	CONV('1', 2, 10) + 0,	'San Antonio',	'TX'),
(117,	'priscilla.hahn@email.com',	'priscilla.hahn@email.com',	'$2a$10$GYNeIa.HSIqhpGA3tYfuxefGKJ1gCckwTyQAGXjaTs4WBjl3NKlGu',	'Priscilla',	'Hahn',	CONV('0', 2, 10) + 0,	0,	CONV('1', 2, 10) + 0,	CONV('1', 2, 10) + 0,	CONV('0', 2, 10) + 0,	CONV('1', 2, 10) + 0,	'San Antonio',	'TX'),
(118,	'whitney.huang@email.com',	'whitney.huang@email.com',	'$2a$10$GYNeIa.HSIqhpGA3tYfuxefGKJ1gCckwTyQAGXjaTs4WBjl3NKlGu',	'Whitney',	'Huang',	CONV('0', 2, 10) + 0,	0,	CONV('1', 2, 10) + 0,	CONV('1', 2, 10) + 0,	CONV('0', 2, 10) + 0,	CONV('1', 2, 10) + 0,	'San Antonio',	'TX'),
(119,	'long.blake@email.com',	'long.blake@email.com',	'$2a$10$GYNeIa.HSIqhpGA3tYfuxefGKJ1gCckwTyQAGXjaTs4WBjl3NKlGu',	'Long',	'Blake',	CONV('0', 2, 10) + 0,	0,	CONV('1', 2, 10) + 0,	CONV('1', 2, 10) + 0,	CONV('0', 2, 10) + 0,	CONV('1', 2, 10) + 0,	'San Antonio',	'TX'),
(120,	'herschel.chapman@email.com',	'herschel.chapman@email.com',	'$2a$10$GYNeIa.HSIqhpGA3tYfuxefGKJ1gCckwTyQAGXjaTs4WBjl3NKlGu',	'Herschel',	'Chapman',	CONV('0', 2, 10) + 0,	0,	CONV('1', 2, 10) + 0,	CONV('1', 2, 10) + 0,	CONV('0', 2, 10) + 0,	CONV('1', 2, 10) + 0,	'San Antonio',	'TX'),
(121,	'hal.kane@email.com',	'hal.kane@email.com',	'$2a$10$GYNeIa.HSIqhpGA3tYfuxefGKJ1gCckwTyQAGXjaTs4WBjl3NKlGu',	'Hal',	'Kane',	CONV('0', 2, 10) + 0,	0,	CONV('1', 2, 10) + 0,	CONV('1', 2, 10) + 0,	CONV('0', 2, 10) + 0,	CONV('1', 2, 10) + 0,	'San Antonio',	'TX'),
(122,	'jeanne.townsend@email.com',	'jeanne.townsend@email.com',	'$2a$10$GYNeIa.HSIqhpGA3tYfuxefGKJ1gCckwTyQAGXjaTs4WBjl3NKlGu',	'Jeanne',	'Townsend',	CONV('0', 2, 10) + 0,	0,	CONV('1', 2, 10) + 0,	CONV('1', 2, 10) + 0,	CONV('0', 2, 10) + 0,	CONV('1', 2, 10) + 0,	'San Antonio',	'TX'),
(123,	'spencer.daniels@email.com',	'spencer.daniels@email.com',	'$2a$10$GYNeIa.HSIqhpGA3tYfuxefGKJ1gCckwTyQAGXjaTs4WBjl3NKlGu',	'Spencer',	'Daniels',	CONV('0', 2, 10) + 0,	0,	CONV('1', 2, 10) + 0,	CONV('1', 2, 10) + 0,	CONV('0', 2, 10) + 0,	CONV('1', 2, 10) + 0,	'San Antonio',	'TX'),
(124,	'clair.rogers@email.com',	'clair.rogers@email.com',	'$2a$10$GYNeIa.HSIqhpGA3tYfuxefGKJ1gCckwTyQAGXjaTs4WBjl3NKlGu',	'Clair',	'Rogers',	CONV('0', 2, 10) + 0,	0,	CONV('1', 2, 10) + 0,	CONV('1', 2, 10) + 0,	CONV('0', 2, 10) + 0,	CONV('1', 2, 10) + 0,	'San Antonio',	'TX'),
(125,	'chauncey.duke@email.com',	'chauncey.duke@email.com',	'$2a$10$GYNeIa.HSIqhpGA3tYfuxefGKJ1gCckwTyQAGXjaTs4WBjl3NKlGu',	'Chauncey',	'Duke',	CONV('0', 2, 10) + 0,	0,	CONV('1', 2, 10) + 0,	CONV('1', 2, 10) + 0,	CONV('0', 2, 10) + 0,	CONV('1', 2, 10) + 0,	'San Antonio',	'TX'),
(126,	'brady.landry@email.com',	'brady.landry@email.com',	'$2a$10$GYNeIa.HSIqhpGA3tYfuxefGKJ1gCckwTyQAGXjaTs4WBjl3NKlGu',	'Brady',	'Landry',	CONV('0', 2, 10) + 0,	0,	CONV('1', 2, 10) + 0,	CONV('1', 2, 10) + 0,	CONV('0', 2, 10) + 0,	CONV('1', 2, 10) + 0,	'San Antonio',	'TX'),
(127,	'arlene.drake@email.com',	'arlene.drake@email.com',	'$2a$10$GYNeIa.HSIqhpGA3tYfuxefGKJ1gCckwTyQAGXjaTs4WBjl3NKlGu',	'Arlene',	'Drake',	CONV('0', 2, 10) + 0,	0,	CONV('1', 2, 10) + 0,	CONV('1', 2, 10) + 0,	CONV('0', 2, 10) + 0,	CONV('1', 2, 10) + 0,	'San Antonio',	'TX'),
(128,	'buck.ingram@email.com',	'buck.ingram@email.com',	'$2a$10$GYNeIa.HSIqhpGA3tYfuxefGKJ1gCckwTyQAGXjaTs4WBjl3NKlGu',	'Buck',	'Ingram',	CONV('0', 2, 10) + 0,	0,	CONV('1', 2, 10) + 0,	CONV('1', 2, 10) + 0,	CONV('0', 2, 10) + 0,	CONV('1', 2, 10) + 0,	'San Antonio',	'TX'),
(129,	'dane.woods@email.com',	'dane.woods@email.com',	'$2a$10$GYNeIa.HSIqhpGA3tYfuxefGKJ1gCckwTyQAGXjaTs4WBjl3NKlGu',	'Dane',	'Woods',	CONV('0', 2, 10) + 0,	0,	CONV('1', 2, 10) + 0,	CONV('1', 2, 10) + 0,	CONV('0', 2, 10) + 0,	CONV('1', 2, 10) + 0,	'San Antonio',	'TX'),
(130,	'gilberto.khan@email.com',	'gilberto.khan@email.com',	'$2a$10$GYNeIa.HSIqhpGA3tYfuxefGKJ1gCckwTyQAGXjaTs4WBjl3NKlGu',	'Gilberto',	'Khan',	CONV('0', 2, 10) + 0,	0,	CONV('1', 2, 10) + 0,	CONV('1', 2, 10) + 0,	CONV('0', 2, 10) + 0,	CONV('1', 2, 10) + 0,	'San Antonio',	'TX'),
(131,	'annabelle.bullock@email.com',	'annabelle.bullock@email.com',	'$2a$10$GYNeIa.HSIqhpGA3tYfuxefGKJ1gCckwTyQAGXjaTs4WBjl3NKlGu',	'Annabelle',	'Bullock',	CONV('0', 2, 10) + 0,	0,	CONV('1', 2, 10) + 0,	CONV('1', 2, 10) + 0,	CONV('0', 2, 10) + 0,	CONV('1', 2, 10) + 0,	'San Antonio',	'TX'),
(132,	'rosendo.benitez@email.com',	'rosendo.benitez@email.com',	'$2a$10$GYNeIa.HSIqhpGA3tYfuxefGKJ1gCckwTyQAGXjaTs4WBjl3NKlGu',	'Rosendo',	'Benitez',	CONV('0', 2, 10) + 0,	0,	CONV('1', 2, 10) + 0,	CONV('1', 2, 10) + 0,	CONV('0', 2, 10) + 0,	CONV('1', 2, 10) + 0,	'San Antonio',	'TX'),
(133,	'luke.murray@email.com',	'luke.murray@email.com',	'$2a$10$GYNeIa.HSIqhpGA3tYfuxefGKJ1gCckwTyQAGXjaTs4WBjl3NKlGu',	'Luke',	'Murray',	CONV('0', 2, 10) + 0,	0,	CONV('1', 2, 10) + 0,	CONV('1', 2, 10) + 0,	CONV('0', 2, 10) + 0,	CONV('1', 2, 10) + 0,	'San Antonio',	'TX'),
(134,	'elsie.may@email.com',	'elsie.may@email.com',	'$2a$10$GYNeIa.HSIqhpGA3tYfuxefGKJ1gCckwTyQAGXjaTs4WBjl3NKlGu',	'Elsie',	'May',	CONV('0', 2, 10) + 0,	0,	CONV('1', 2, 10) + 0,	CONV('1', 2, 10) + 0,	CONV('0', 2, 10) + 0,	CONV('1', 2, 10) + 0,	'San Antonio',	'TX'),
(135,	'odell.gamble@email.com',	'odell.gamble@email.com',	'$2a$10$GYNeIa.HSIqhpGA3tYfuxefGKJ1gCckwTyQAGXjaTs4WBjl3NKlGu',	'Odell',	'Gamble',	CONV('0', 2, 10) + 0,	0,	CONV('1', 2, 10) + 0,	CONV('1', 2, 10) + 0,	CONV('0', 2, 10) + 0,	CONV('1', 2, 10) + 0,	'San Antonio',	'TX'),
(136,	'laverne.williams@email.com',	'laverne.williams@email.com',	'$2a$10$GYNeIa.HSIqhpGA3tYfuxefGKJ1gCckwTyQAGXjaTs4WBjl3NKlGu',	'Laverne',	'Williams',	CONV('0', 2, 10) + 0,	0,	CONV('1', 2, 10) + 0,	CONV('1', 2, 10) + 0,	CONV('0', 2, 10) + 0,	CONV('1', 2, 10) + 0,	'San Antonio',	'TX'),
(137,	'flora.tanner@email.com',	'flora.tanner@email.com',	'$2a$10$GYNeIa.HSIqhpGA3tYfuxefGKJ1gCckwTyQAGXjaTs4WBjl3NKlGu',	'Flora',	'Tanner',	CONV('0', 2, 10) + 0,	0,	CONV('1', 2, 10) + 0,	CONV('1', 2, 10) + 0,	CONV('0', 2, 10) + 0,	CONV('1', 2, 10) + 0,	'San Antonio',	'TX'),
(138,	'val.jacobs@email.com',	'val.jacobs@email.com',	'$2a$10$GYNeIa.HSIqhpGA3tYfuxefGKJ1gCckwTyQAGXjaTs4WBjl3NKlGu',	'Val',	'Jacobs',	CONV('0', 2, 10) + 0,	0,	CONV('1', 2, 10) + 0,	CONV('1', 2, 10) + 0,	CONV('0', 2, 10) + 0,	CONV('1', 2, 10) + 0,	'San Antonio',	'TX'),
(139,	'jewel.fowler@email.com',	'jewel.fowler@email.com',	'$2a$10$GYNeIa.HSIqhpGA3tYfuxefGKJ1gCckwTyQAGXjaTs4WBjl3NKlGu',	'Jewel',	'Fowler',	CONV('0', 2, 10) + 0,	0,	CONV('1', 2, 10) + 0,	CONV('1', 2, 10) + 0,	CONV('0', 2, 10) + 0,	CONV('1', 2, 10) + 0,	'San Antonio',	'TX'),
(140,	'esteban.thomas@email.com',	'esteban.thomas@email.com',	'$2a$10$GYNeIa.HSIqhpGA3tYfuxefGKJ1gCckwTyQAGXjaTs4WBjl3NKlGu',	'Esteban',	'Thomas',	CONV('0', 2, 10) + 0,	0,	CONV('1', 2, 10) + 0,	CONV('1', 2, 10) + 0,	CONV('0', 2, 10) + 0,	CONV('1', 2, 10) + 0,	'San Antonio',	'TX'),
(141,	'erna.chang@email.com',	'erna.chang@email.com',	'$2a$10$GYNeIa.HSIqhpGA3tYfuxefGKJ1gCckwTyQAGXjaTs4WBjl3NKlGu',	'Erna',	'Chang',	CONV('0', 2, 10) + 0,	0,	CONV('1', 2, 10) + 0,	CONV('1', 2, 10) + 0,	CONV('0', 2, 10) + 0,	CONV('1', 2, 10) + 0,	'San Antonio',	'TX'),
(142,	'grover.freeman@email.com',	'grover.freeman@email.com',	'$2a$10$GYNeIa.HSIqhpGA3tYfuxefGKJ1gCckwTyQAGXjaTs4WBjl3NKlGu',	'Grover',	'Freeman',	CONV('0', 2, 10) + 0,	0,	CONV('1', 2, 10) + 0,	CONV('1', 2, 10) + 0,	CONV('0', 2, 10) + 0,	CONV('1', 2, 10) + 0,	'San Antonio',	'TX'),
(143,	'rich.sheppard@email.com',	'rich.sheppard@email.com',	'$2a$10$GYNeIa.HSIqhpGA3tYfuxefGKJ1gCckwTyQAGXjaTs4WBjl3NKlGu',	'Rich',	'Sheppard',	CONV('0', 2, 10) + 0,	0,	CONV('1', 2, 10) + 0,	CONV('1', 2, 10) + 0,	CONV('0', 2, 10) + 0,	CONV('1', 2, 10) + 0,	'San Antonio',	'TX'),
(144,	'connie.grant@email.com',	'connie.grant@email.com',	'$2a$10$GYNeIa.HSIqhpGA3tYfuxefGKJ1gCckwTyQAGXjaTs4WBjl3NKlGu',	'Connie',	'Grant',	CONV('0', 2, 10) + 0,	0,	CONV('1', 2, 10) + 0,	CONV('1', 2, 10) + 0,	CONV('0', 2, 10) + 0,	CONV('1', 2, 10) + 0,	'San Antonio',	'TX'),
(145,	'angeline.waller@email.com',	'angeline.waller@email.com',	'$2a$10$GYNeIa.HSIqhpGA3tYfuxefGKJ1gCckwTyQAGXjaTs4WBjl3NKlGu',	'Angeline',	'Waller',	CONV('0', 2, 10) + 0,	0,	CONV('1', 2, 10) + 0,	CONV('1', 2, 10) + 0,	CONV('0', 2, 10) + 0,	CONV('1', 2, 10) + 0,	'San Antonio',	'TX'),
(146,	'lina.terrell@email.com',	'lina.terrell@email.com',	'$2a$10$GYNeIa.HSIqhpGA3tYfuxefGKJ1gCckwTyQAGXjaTs4WBjl3NKlGu',	'Lina',	'Terrell',	CONV('0', 2, 10) + 0,	0,	CONV('1', 2, 10) + 0,	CONV('1', 2, 10) + 0,	CONV('0', 2, 10) + 0,	CONV('1', 2, 10) + 0,	'San Antonio',	'TX'),
(147,	'pablo.kerr@email.com',	'pablo.kerr@email.com',	'$2a$10$GYNeIa.HSIqhpGA3tYfuxefGKJ1gCckwTyQAGXjaTs4WBjl3NKlGu',	'Pablo',	'Kerr',	CONV('0', 2, 10) + 0,	0,	CONV('1', 2, 10) + 0,	CONV('1', 2, 10) + 0,	CONV('0', 2, 10) + 0,	CONV('1', 2, 10) + 0,	'San Antonio',	'TX'),
(148,	'chad.palmer@email.com',	'chad.palmer@email.com',	'$2a$10$GYNeIa.HSIqhpGA3tYfuxefGKJ1gCckwTyQAGXjaTs4WBjl3NKlGu',	'Chad',	'Palmer',	CONV('0', 2, 10) + 0,	0,	CONV('1', 2, 10) + 0,	CONV('1', 2, 10) + 0,	CONV('0', 2, 10) + 0,	CONV('1', 2, 10) + 0,	'San Antonio',	'TX'),
(149,	'ahmed.zuniga@email.com',	'ahmed.zuniga@email.com',	'$2a$10$GYNeIa.HSIqhpGA3tYfuxefGKJ1gCckwTyQAGXjaTs4WBjl3NKlGu',	'Ahmed',	'Zuniga',	CONV('0', 2, 10) + 0,	0,	CONV('1', 2, 10) + 0,	CONV('1', 2, 10) + 0,	CONV('0', 2, 10) + 0,	CONV('1', 2, 10) + 0,	'San Antonio',	'TX'),
(150,	'jo.peck@email.com',	'jo.peck@email.com',	'$2a$10$GYNeIa.HSIqhpGA3tYfuxefGKJ1gCckwTyQAGXjaTs4WBjl3NKlGu',	'Jo',	'Peck',	CONV('0', 2, 10) + 0,	0,	CONV('1', 2, 10) + 0,	CONV('1', 2, 10) + 0,	CONV('0', 2, 10) + 0,	CONV('1', 2, 10) + 0,	'San Antonio',	'TX'),
(151,	'cedric.jones@email.com',	'cedric.jones@email.com',	'$2a$10$GYNeIa.HSIqhpGA3tYfuxefGKJ1gCckwTyQAGXjaTs4WBjl3NKlGu',	'Cedric',	'Jones',	CONV('0', 2, 10) + 0,	0,	CONV('1', 2, 10) + 0,	CONV('1', 2, 10) + 0,	CONV('0', 2, 10) + 0,	CONV('1', 2, 10) + 0,	'San Antonio',	'TX'),
(152,	'henry.brun@email.com',	'henry.brun@email.com',	'$2a$10$GYNeIa.HSIqhpGA3tYfuxefGKJ1gCckwTyQAGXjaTs4WBjl3NKlGu',	'Henry',	'Brun',	CONV('0', 2, 10) + 0,	0,	CONV('1', 2, 10) + 0,	CONV('1', 2, 10) + 0,	CONV('0', 2, 10) + 0,	CONV('1', 2, 10) + 0,	'San Antonio',	'TX'),
(153,	'kelly.lambert@email.com',	'kelly.lambert@email.com',	'$2a$10$GYNeIa.HSIqhpGA3tYfuxefGKJ1gCckwTyQAGXjaTs4WBjl3NKlGu',	'Kelly',	'Lambert',	CONV('0', 2, 10) + 0,	0,	CONV('1', 2, 10) + 0,	CONV('1', 2, 10) + 0,	CONV('0', 2, 10) + 0,	CONV('1', 2, 10) + 0,	'San Antonio',	'TX'),
(154,	'annie.mccarty@email.com',	'annie.mccarty@email.com',	'$2a$10$GYNeIa.HSIqhpGA3tYfuxefGKJ1gCckwTyQAGXjaTs4WBjl3NKlGu',	'Annie',	'McCarty',	CONV('0', 2, 10) + 0,	0,	CONV('1', 2, 10) + 0,	CONV('1', 2, 10) + 0,	CONV('0', 2, 10) + 0,	CONV('1', 2, 10) + 0,	'San Antonio',	'TX'),
(155,	'sherrie.leblanc@email.com',	'sherrie.leblanc@email.com',	'$2a$10$GYNeIa.HSIqhpGA3tYfuxefGKJ1gCckwTyQAGXjaTs4WBjl3NKlGu',	'Sherrie',	'Leblanc',	CONV('0', 2, 10) + 0,	0,	CONV('1', 2, 10) + 0,	CONV('1', 2, 10) + 0,	CONV('0', 2, 10) + 0,	CONV('1', 2, 10) + 0,	'San Antonio',	'TX'),
(156,	'beatriz.maxwell@email.com',	'beatriz.maxwell@email.com',	'$2a$10$GYNeIa.HSIqhpGA3tYfuxefGKJ1gCckwTyQAGXjaTs4WBjl3NKlGu',	'Beatriz',	'Maxwell',	CONV('0', 2, 10) + 0,	0,	CONV('1', 2, 10) + 0,	CONV('1', 2, 10) + 0,	CONV('0', 2, 10) + 0,	CONV('1', 2, 10) + 0,	'San Antonio',	'TX'),
(157,	'april.osborne@email.com',	'april.osborne@email.com',	'$2a$10$GYNeIa.HSIqhpGA3tYfuxefGKJ1gCckwTyQAGXjaTs4WBjl3NKlGu',	'April',	'Osborne',	CONV('0', 2, 10) + 0,	0,	CONV('1', 2, 10) + 0,	CONV('1', 2, 10) + 0,	CONV('0', 2, 10) + 0,	CONV('1', 2, 10) + 0,	'San Antonio',	'TX'),
(158,	'holly.wheeler@email.com',	'holly.wheeler@email.com',	'$2a$10$GYNeIa.HSIqhpGA3tYfuxefGKJ1gCckwTyQAGXjaTs4WBjl3NKlGu',	'Holly',	'Wheeler',	CONV('0', 2, 10) + 0,	0,	CONV('1', 2, 10) + 0,	CONV('1', 2, 10) + 0,	CONV('0', 2, 10) + 0,	CONV('1', 2, 10) + 0,	'San Antonio',	'TX'),
(159,	'meghan.beck@email.com',	'meghan.beck@email.com',	'$2a$10$GYNeIa.HSIqhpGA3tYfuxefGKJ1gCckwTyQAGXjaTs4WBjl3NKlGu',	'Meghan',	'Beck',	CONV('0', 2, 10) + 0,	0,	CONV('1', 2, 10) + 0,	CONV('1', 2, 10) + 0,	CONV('0', 2, 10) + 0,	CONV('1', 2, 10) + 0,	'San Antonio',	'TX'),
(160,	'marion.morse@email.com',	'marion.morse@email.com',	'$2a$10$GYNeIa.HSIqhpGA3tYfuxefGKJ1gCckwTyQAGXjaTs4WBjl3NKlGu',	'Marion',	'Morse',	CONV('0', 2, 10) + 0,	0,	CONV('1', 2, 10) + 0,	CONV('1', 2, 10) + 0,	CONV('0', 2, 10) + 0,	CONV('1', 2, 10) + 0,	'San Antonio',	'TX'),
(161,	'jocelyn.cook@email.com',	'jocelyn.cook@email.com',	'$2a$10$GYNeIa.HSIqhpGA3tYfuxefGKJ1gCckwTyQAGXjaTs4WBjl3NKlGu',	'Jocelyn',	'Cook',	CONV('0', 2, 10) + 0,	0,	CONV('1', 2, 10) + 0,	CONV('1', 2, 10) + 0,	CONV('0', 2, 10) + 0,	CONV('1', 2, 10) + 0,	'San Antonio',	'TX'),
(162,	'rachael.callahan@email.com',	'rachael.callahan@email.com',	'$2a$10$GYNeIa.HSIqhpGA3tYfuxefGKJ1gCckwTyQAGXjaTs4WBjl3NKlGu',	'Rachael',	'Callahan',	CONV('0', 2, 10) + 0,	0,	CONV('1', 2, 10) + 0,	CONV('1', 2, 10) + 0,	CONV('0', 2, 10) + 0,	CONV('1', 2, 10) + 0,	'San Antonio',	'TX'),
(163,	'jasmine.williamson@email.com',	'jasmine.williamson@email.com',	'$2a$10$GYNeIa.HSIqhpGA3tYfuxefGKJ1gCckwTyQAGXjaTs4WBjl3NKlGu',	'Jasmine',	'Williamson',	CONV('0', 2, 10) + 0,	0,	CONV('1', 2, 10) + 0,	CONV('1', 2, 10) + 0,	CONV('0', 2, 10) + 0,	CONV('1', 2, 10) + 0,	'San Antonio',	'TX'),
(164,	'irene.short@email.com',	'irene.short@email.com',	'$2a$10$GYNeIa.HSIqhpGA3tYfuxefGKJ1gCckwTyQAGXjaTs4WBjl3NKlGu',	'Irene',	'Short',	CONV('0', 2, 10) + 0,	0,	CONV('1', 2, 10) + 0,	CONV('1', 2, 10) + 0,	CONV('0', 2, 10) + 0,	CONV('1', 2, 10) + 0,	'San Antonio',	'TX'),
(165,	'shari.crawford@email.com',	'shari.crawford@email.com',	'$2a$10$GYNeIa.HSIqhpGA3tYfuxefGKJ1gCckwTyQAGXjaTs4WBjl3NKlGu',	'Shari',	'Crawford',	CONV('0', 2, 10) + 0,	0,	CONV('1', 2, 10) + 0,	CONV('1', 2, 10) + 0,	CONV('0', 2, 10) + 0,	CONV('1', 2, 10) + 0,	'San Antonio',	'TX'),
(166,	'janelle.larson@email.com',	'janelle.larson@email.com',	'$2a$10$GYNeIa.HSIqhpGA3tYfuxefGKJ1gCckwTyQAGXjaTs4WBjl3NKlGu',	'Janelle',	'Larson',	CONV('0', 2, 10) + 0,	0,	CONV('1', 2, 10) + 0,	CONV('1', 2, 10) + 0,	CONV('0', 2, 10) + 0,	CONV('1', 2, 10) + 0,	'San Antonio',	'TX'),
(167,	'tamara.king@email.com',	'tamara.king@email.com',	'$2a$10$GYNeIa.HSIqhpGA3tYfuxefGKJ1gCckwTyQAGXjaTs4WBjl3NKlGu',	'Tamara',	'King',	CONV('0', 2, 10) + 0,	0,	CONV('1', 2, 10) + 0,	CONV('1', 2, 10) + 0,	CONV('0', 2, 10) + 0,	CONV('1', 2, 10) + 0,	'San Antonio',	'TX'),
(168,	'jane.hansen@email.com',	'jane.hansen@email.com',	'$2a$10$GYNeIa.HSIqhpGA3tYfuxefGKJ1gCckwTyQAGXjaTs4WBjl3NKlGu',	'Jane',	'Hansen',	CONV('0', 2, 10) + 0,	0,	CONV('1', 2, 10) + 0,	CONV('1', 2, 10) + 0,	CONV('0', 2, 10) + 0,	CONV('1', 2, 10) + 0,	'San Antonio',	'TX'),
(169,	'stefanie.coon@email.com',	'stefanie.coon@email.com',	'$2a$10$GYNeIa.HSIqhpGA3tYfuxefGKJ1gCckwTyQAGXjaTs4WBjl3NKlGu',	'Stefanie',	'Coon',	CONV('0', 2, 10) + 0,	0,	CONV('1', 2, 10) + 0,	CONV('1', 2, 10) + 0,	CONV('0', 2, 10) + 0,	CONV('1', 2, 10) + 0,	'San Antonio',	'TX'),
(170,	'patty.shay@email.com',	'patty.shay@email.com',	'$2a$10$GYNeIa.HSIqhpGA3tYfuxefGKJ1gCckwTyQAGXjaTs4WBjl3NKlGu',	'Patty',	'Shay',	CONV('0', 2, 10) + 0,	0,	CONV('1', 2, 10) + 0,	CONV('1', 2, 10) + 0,	CONV('0', 2, 10) + 0,	CONV('1', 2, 10) + 0,	'San Antonio',	'TX'),
(171,	'violet.moody@email.com',	'violet.moody@email.com',	'$2a$10$GYNeIa.HSIqhpGA3tYfuxefGKJ1gCckwTyQAGXjaTs4WBjl3NKlGu',	'Violet',	'Moody',	CONV('0', 2, 10) + 0,	0,	CONV('1', 2, 10) + 0,	CONV('1', 2, 10) + 0,	CONV('0', 2, 10) + 0,	CONV('1', 2, 10) + 0,	'San Antonio',	'TX'),
(172,	'hilda.spence@email.com',	'hilda.spence@email.com',	'$2a$10$GYNeIa.HSIqhpGA3tYfuxefGKJ1gCckwTyQAGXjaTs4WBjl3NKlGu',	'Hilda',	'Spence',	CONV('0', 2, 10) + 0,	0,	CONV('1', 2, 10) + 0,	CONV('1', 2, 10) + 0,	CONV('0', 2, 10) + 0,	CONV('1', 2, 10) + 0,	'San Antonio',	'TX'),
(173,	'kathy.mckee@email.com',	'kathy.mckee@email.com',	'$2a$10$GYNeIa.HSIqhpGA3tYfuxefGKJ1gCckwTyQAGXjaTs4WBjl3NKlGu',	'Kathy',	'McKee',	CONV('0', 2, 10) + 0,	0,	CONV('1', 2, 10) + 0,	CONV('1', 2, 10) + 0,	CONV('0', 2, 10) + 0,	CONV('1', 2, 10) + 0,	'San Antonio',	'TX'),
(174,	'wanda.pitts@email.com',	'wanda.pitts@email.com',	'$2a$10$GYNeIa.HSIqhpGA3tYfuxefGKJ1gCckwTyQAGXjaTs4WBjl3NKlGu',	'Wanda',	'Pitts',	CONV('0', 2, 10) + 0,	0,	CONV('1', 2, 10) + 0,	CONV('1', 2, 10) + 0,	CONV('0', 2, 10) + 0,	CONV('1', 2, 10) + 0,	'San Antonio',	'TX'),
(175,	'yvonne.washburn@email.com',	'yvonne.washburn@email.com',	'$2a$10$GYNeIa.HSIqhpGA3tYfuxefGKJ1gCckwTyQAGXjaTs4WBjl3NKlGu',	'Yvonne',	'Washburn',	CONV('0', 2, 10) + 0,	0,	CONV('1', 2, 10) + 0,	CONV('1', 2, 10) + 0,	CONV('0', 2, 10) + 0,	CONV('1', 2, 10) + 0,	'San Antonio',	'TX'),
(176,	'nadine.goldstein@email.com',	'nadine.goldstein@email.com',	'$2a$10$GYNeIa.HSIqhpGA3tYfuxefGKJ1gCckwTyQAGXjaTs4WBjl3NKlGu',	'Nadine',	'Goldstein',	CONV('0', 2, 10) + 0,	0,	CONV('1', 2, 10) + 0,	CONV('1', 2, 10) + 0,	CONV('0', 2, 10) + 0,	CONV('1', 2, 10) + 0,	'San Antonio',	'TX'),
(177,	'alison.petty@email.com',	'alison.petty@email.com',	'$2a$10$GYNeIa.HSIqhpGA3tYfuxefGKJ1gCckwTyQAGXjaTs4WBjl3NKlGu',	'Alison',	'Petty',	CONV('0', 2, 10) + 0,	0,	CONV('1', 2, 10) + 0,	CONV('1', 2, 10) + 0,	CONV('0', 2, 10) + 0,	CONV('1', 2, 10) + 0,	'San Antonio',	'TX'),
(178,	'jeanette.cramer@email.com',	'jeanette.cramer@email.com',	'$2a$10$GYNeIa.HSIqhpGA3tYfuxefGKJ1gCckwTyQAGXjaTs4WBjl3NKlGu',	'Jeanette',	'Cramer',	CONV('0', 2, 10) + 0,	0,	CONV('1', 2, 10) + 0,	CONV('1', 2, 10) + 0,	CONV('0', 2, 10) + 0,	CONV('1', 2, 10) + 0,	'San Antonio',	'TX'),
(179,	'celeste.gay@email.com',	'celeste.gay@email.com',	'$2a$10$GYNeIa.HSIqhpGA3tYfuxefGKJ1gCckwTyQAGXjaTs4WBjl3NKlGu',	'Celeste',	'Gay',	CONV('0', 2, 10) + 0,	0,	CONV('1', 2, 10) + 0,	CONV('1', 2, 10) + 0,	CONV('0', 2, 10) + 0,	CONV('1', 2, 10) + 0,	'San Antonio',	'TX'),
(180,	'eileen.myers@email.com',	'eileen.myers@email.com',	'$2a$10$GYNeIa.HSIqhpGA3tYfuxefGKJ1gCckwTyQAGXjaTs4WBjl3NKlGu',	'Eileen',	'Myers',	CONV('0', 2, 10) + 0,	0,	CONV('1', 2, 10) + 0,	CONV('1', 2, 10) + 0,	CONV('0', 2, 10) + 0,	CONV('1', 2, 10) + 0,	'San Antonio',	'TX'),
(181,	'lindsay.costello@email.com',	'lindsay.costello@email.com',	'$2a$10$GYNeIa.HSIqhpGA3tYfuxefGKJ1gCckwTyQAGXjaTs4WBjl3NKlGu',	'Lindsay',	'Costello',	CONV('0', 2, 10) + 0,	0,	CONV('1', 2, 10) + 0,	CONV('1', 2, 10) + 0,	CONV('0', 2, 10) + 0,	CONV('1', 2, 10) + 0,	'San Antonio',	'TX'),
(182,	'guadalupe.lowery@email.com',	'guadalupe.lowery@email.com',	'$2a$10$GYNeIa.HSIqhpGA3tYfuxefGKJ1gCckwTyQAGXjaTs4WBjl3NKlGu',	'Guadalupe',	'Lowery',	CONV('0', 2, 10) + 0,	0,	CONV('1', 2, 10) + 0,	CONV('1', 2, 10) + 0,	CONV('0', 2, 10) + 0,	CONV('1', 2, 10) + 0,	'San Antonio',	'TX'),
(183,	'molly.mayer@email.com',	'molly.mayer@email.com',	'$2a$10$GYNeIa.HSIqhpGA3tYfuxefGKJ1gCckwTyQAGXjaTs4WBjl3NKlGu',	'Molly',	'Mayer',	CONV('0', 2, 10) + 0,	0,	CONV('1', 2, 10) + 0,	CONV('1', 2, 10) + 0,	CONV('0', 2, 10) + 0,	CONV('1', 2, 10) + 0,	'San Antonio',	'TX'),
(184,	'emma.burch@email.com',	'emma.burch@email.com',	'$2a$10$GYNeIa.HSIqhpGA3tYfuxefGKJ1gCckwTyQAGXjaTs4WBjl3NKlGu',	'Emma',	'Burch',	CONV('0', 2, 10) + 0,	0,	CONV('1', 2, 10) + 0,	CONV('1', 2, 10) + 0,	CONV('0', 2, 10) + 0,	CONV('1', 2, 10) + 0,	'San Antonio',	'TX'),
(185,	'erin.dillon@email.com',	'erin.dillon@email.com',	'$2a$10$GYNeIa.HSIqhpGA3tYfuxefGKJ1gCckwTyQAGXjaTs4WBjl3NKlGu',	'Erin',	'Dillon',	CONV('0', 2, 10) + 0,	0,	CONV('1', 2, 10) + 0,	CONV('1', 2, 10) + 0,	CONV('0', 2, 10) + 0,	CONV('1', 2, 10) + 0,	'San Antonio',	'TX'),
(186,	'mabel.strong@email.com',	'mabel.strong@email.com',	'$2a$10$GYNeIa.HSIqhpGA3tYfuxefGKJ1gCckwTyQAGXjaTs4WBjl3NKlGu',	'Mabel',	'Strong',	CONV('0', 2, 10) + 0,	0,	CONV('1', 2, 10) + 0,	CONV('1', 2, 10) + 0,	CONV('0', 2, 10) + 0,	CONV('1', 2, 10) + 0,	'San Antonio',	'TX'),
(187,	'diane.massey@email.com',	'diane.massey@email.com',	'$2a$10$GYNeIa.HSIqhpGA3tYfuxefGKJ1gCckwTyQAGXjaTs4WBjl3NKlGu',	'Diane',	'Massey',	CONV('0', 2, 10) + 0,	0,	CONV('1', 2, 10) + 0,	CONV('1', 2, 10) + 0,	CONV('0', 2, 10) + 0,	CONV('1', 2, 10) + 0,	'San Antonio',	'TX'),
(188,	'miriam.waller@email.com',	'miriam.waller@email.com',	'$2a$10$GYNeIa.HSIqhpGA3tYfuxefGKJ1gCckwTyQAGXjaTs4WBjl3NKlGu',	'Miriam',	'Waller',	CONV('0', 2, 10) + 0,	0,	CONV('1', 2, 10) + 0,	CONV('1', 2, 10) + 0,	CONV('0', 2, 10) + 0,	CONV('1', 2, 10) + 0,	'San Antonio',	'TX'),
(189,	'aimee.hayes@email.com',	'aimee.hayes@email.com',	'$2a$10$GYNeIa.HSIqhpGA3tYfuxefGKJ1gCckwTyQAGXjaTs4WBjl3NKlGu',	'Aimee',	'Hayes',	CONV('0', 2, 10) + 0,	0,	CONV('1', 2, 10) + 0,	CONV('1', 2, 10) + 0,	CONV('0', 2, 10) + 0,	CONV('1', 2, 10) + 0,	'San Antonio',	'TX'),
(190,	'myrtle.bonner@email.com',	'myrtle.bonner@email.com',	'$2a$10$GYNeIa.HSIqhpGA3tYfuxefGKJ1gCckwTyQAGXjaTs4WBjl3NKlGu',	'Myrtle',	'Bonner',	CONV('0', 2, 10) + 0,	0,	CONV('1', 2, 10) + 0,	CONV('1', 2, 10) + 0,	CONV('0', 2, 10) + 0,	CONV('1', 2, 10) + 0,	'San Antonio',	'TX'),
(191,	'norma.swan@email.com',	'norma.swan@email.com',	'$2a$10$GYNeIa.HSIqhpGA3tYfuxefGKJ1gCckwTyQAGXjaTs4WBjl3NKlGu',	'Norma',	'Swan',	CONV('0', 2, 10) + 0,	0,	CONV('1', 2, 10) + 0,	CONV('1', 2, 10) + 0,	CONV('0', 2, 10) + 0,	CONV('1', 2, 10) + 0,	'San Antonio',	'TX'),
(192,	'kristie.frederick@email.com',	'kristie.frederick@email.com',	'$2a$10$GYNeIa.HSIqhpGA3tYfuxefGKJ1gCckwTyQAGXjaTs4WBjl3NKlGu',	'Kristie',	'Frederick',	CONV('0', 2, 10) + 0,	0,	CONV('1', 2, 10) + 0,	CONV('1', 2, 10) + 0,	CONV('0', 2, 10) + 0,	CONV('1', 2, 10) + 0,	'San Antonio',	'TX');

DROP TABLE IF EXISTS `user_groups`;
CREATE TABLE `user_groups` (
`id` bigint(20) NOT NULL AUTO_INCREMENT,
`user_id` bigint(20) DEFAULT NULL,
`group_id` bigint(20) DEFAULT NULL,
PRIMARY KEY (`id`),
KEY `user_groups_user_id_fk` (`user_id`),
KEY `FKkoltqj26iiurcy32oela79g2k` (`group_id`),
CONSTRAINT `user_groups_group_id_fk` FOREIGN KEY (`group_id`) REFERENCES `principal_groups` (`id`),
CONSTRAINT `user_groups_user_id_fk` FOREIGN KEY (`user_id`) REFERENCES `users` (`id`)
) ENGINE=InnoDB DEFAULT CHARSET=utf8mb4 COLLATE=utf8mb4_general_ci;

INSERT INTO `user_groups` (`id`, `user_id`, `group_id`) VALUES
(1,	1,	1),
(2,	2,	1),
(3,	3,	1),
(4,	4,	1),
(5,	5,	3),
(6,	6,	3),
(7,	7,	3),
(8,	8,	3),
(9,	9,	3),
(10,	10,	3),
(11,	11,	3),
(12,	12,	2),
(21,	4,	2),
(22,	24,	2),
(23,	25,	2),
(24,	31,	2),
(25,	32,	2),
(26,	33,	2),
(27,	39,	2),
(28,	40,	2),
(30,	42,	3),
(31,	43,	2),
(33,	45,	3),
(34,	48,	2),
(35,	49,	2),
(36,	50,	2),
(37,	51,	2),
(38,	52,	2),
(44,	58,	2),
(45,	59,	2),
(46,	60,	3),
(47,	61,	3),
(48,	63,	3),
(49,	64,	3),
(50,	65,	3),
(51,	67,	3),
(52,	71,	3),
(53,	75,	3),
(54,	77,	3),
(56,	79,	3),
(57,	80,	3),
(58,	86,	3),
(59,	87,	3),
(60,	88,	3),
(61,	89,	3),
(62,	90,	3),
(63,	91,	3),
(64,	92,	3),
(65,	93,	3),
(66,	94,	3),
(67,	95,	3),
(68,	96,	3),
(69,	97,	3),
(70,	98,	3),
(71,	99,	3),
(72,	100,	3),
(73,	101,	3),
(74,	102,	3),
(75,	103,	3),
(76,	104,	3),
(77,	105,	3),
(78,	106,	3),
(79,	107,	3),
(80,	108,	3),
(81,	109,	3),
(82,	110,	3),
(83,	111,	3),
(84,	112,	3),
(85,	113,	3),
(86,	114,	3),
(87,	115,	3),
(88,	116,	3),
(89,	117,	3),
(90,	118,	3),
(91,	119,	3),
(92,	120,	3),
(93,	121,	3),
(94,	122,	3),
(95,	123,	3),
(96,	124,	3),
(97,	125,	3),
(98,	126,	3),
(99,	127,	3),
(100,	128,	3),
(101,	129,	3),
(102,	130,	3),
(103,	131,	3),
(104,	132,	3),
(105,	133,	3),
(106,	134,	3),
(107,	135,	3),
(108,	136,	3),
(109,	137,	3),
(110,	138,	3),
(111,	139,	3),
(112,	140,	3),
(113,	141,	3),
(114,	142,	3),
(115,	143,	3),
(116,	144,	3),
(117,	145,	3),
(118,	146,	3),
(119,	147,	3),
(120,	148,	3),
(121,	149,	3),
(122,	150,	3),
(123,	151,	3),
(124,	152,	3),
(125,	189,	2),
(126,	177,	2),
(127,	154,	2),
(128,	157,	2),
(129,	156,	2),
(130,	27,	2),
(131,	179,	2),
(132,	28,	2),
(133,	187,	2),
(134,	180,	2),
(135,	184,	2),
(136,	185,	2),
(137,	182,	2),
(138,	172,	2),
(139,	158,	2),
(140,	164,	2),
(141,	168,	2),
(142,	166,	2),
(143,	163,	2),
(144,	178,	2),
(145,	161,	2),
(146,	30,	2),
(147,	173,	2),
(148,	153,	2),
(149,	192,	2),
(150,	181,	2),
(151,	186,	2),
(152,	160,	2),
(153,	159,	2),
(154,	188,	2),
(155,	183,	2),
(156,	190,	2),
(157,	176,	2),
(158,	191,	2),
(159,	170,	2),
(160,	162,	2),
(161,	165,	2),
(162,	155,	2),
(163,	169,	2),
(164,	167,	2),
(165,	26,	2),
(166,	171,	2),
(167,	174,	2),
(168,	175,	2);

DROP TABLE IF EXISTS `vendors`;
CREATE TABLE `vendors` (
`id` bigint(20) NOT NULL AUTO_INCREMENT,
`business_name` varchar(50) DEFAULT NULL,
`category_id` bigint(20) NOT NULL,
`about` longtext DEFAULT NULL,
`user_id` bigint(20) DEFAULT NULL,
PRIMARY KEY (`id`),
KEY `categories_id_fk` (`category_id`),
KEY `vendors_users_id_fk` (`user_id`),
CONSTRAINT `categories_id_fk` FOREIGN KEY (`category_id`) REFERENCES `vendor_categories` (`id`),
CONSTRAINT `vendors_users_id_fk` FOREIGN KEY (`user_id`) REFERENCES `users` (`id`)
) ENGINE=InnoDB DEFAULT CHARSET=utf8mb4 COLLATE=utf8mb4_general_ci;

INSERT INTO `vendors` (`id`, `business_name`, `category_id`, `about`, `user_id`) VALUES
(1,	'Rancho La Mission',	1,	'Welcome to Rancho la Mission. We have two venues to choose from  the outdoor venue and the indoor venue, aka The Barn. To start the outdoor venue gives you an open-air feel with a rustic winter wonderland filled with lots of tree lights. Plenty of outdoor space for any outdoor event. If you prefer a indoor venue, than The Barn is a perfect, country theme for your ceremony and reception or any event. We are honored to host your event and look forward to start planning your BIG day!\n',	5),
(2,	'Evelyn Photography',	2,	'Evelyn here, I\'m the one behind the camera, I could spend the whole day talking about myself, but here are a few things you should know about me. As a single mother of two girls, I am the most dedicated and passionate person when it comes to being your photographer. Spanish is my first language since I\'m 100% Mexican! While I was born and raised in a small border town called Piedras Negras, my heart belongs to San Antonio. I have lived here for 16 years, so I am practically half and half.\n\nPhotography is not just a hobby for me. It is a way of expression, passion, and art. Every photograph has a story to tell, and there is no better way to remember you or your loved ones than through a photograph. So don\'t hesitate to chat, tell me all about your special moment, and I\'ll be there!',	6),
(3,	'DJMusic Entertainment LLC',	7,	'At DJMusic Entertainment, we bring our client\'s vision to life with an Exceptional and Unique, Entertainment and Wedding Planning Experience. Our main goal and passion are to go beyond our clients expectations. We believe that small details can make a big difference.\n\nWe are passionate about weddings, our team is always an extraordinary duo of DJ and Timeline Assistant who will make sure the Ceremony and Reception run smooth and on time. We help our brides with educational materials.',	7),
(4,	'Greg Reese Events',	3,	'For over two decade Greg Reese designed events for others like Events Destination Weddings Galas. His passion and desire to set out on his own and to create his own identity. In other words, he had a vision of creating a company unlike any other in South Texas. He knew that with his creative ideas, eye for luxury and knowledge of the industry, there would be tremendous opportunities for his new startup.\n\nBecause Greg Reese Events team sets us apart. Were a group of professionals that share a passion for what we do, as well as a commitment to make your event everything youve imagined and beyond. Today Greg Reese plans and designs elegant and spectacular weddings, corporate and destination weddings, We take great pride in creating one-of-a-kind events that truly represent the clients style and personality. Greg creates more than just a party, we create an event that tells the complete story of the couple.',	8),
(5,	'Scratch Kitchen',	4,	'We are a family-owned bakery, restaurant, and catering company that offers delicious desserts and fine food in San Antonio\'s Alta Vista neighborhood. We are the perfect caterer for brunch weddings, garden weddings, or any wedding where a delicious family-style meal or buffet meal is preferred over a formal sit-down dinner. We also love to cater bridal showers, baby showers, birthday celebrations, and all other parties and meetings!\n\nOwner Becky Medellin serves as the company\'s catering manager, ensuring that couples have her full attention and her eye on all the details. From the menu tasting to the big night, our top priority is delighting the bride and groom!',	9),
(6,	'Tasty Swirls Company',	5,	'My name is Desareye and I am the owner of Tasty Swirls Company. Ive always had a creative side and loved desserts so I wanted to start a business that would combine both. Most importantly share it with you! Cotton Candy has always been a favorite as it is so fluffy, fun and just melts in your mouth making you want more! I wanted our cotton candy to be a little different than your normal pink and blue cotton candy so I decided why not make it with unique flavors. I started to think of what flavors I would do and decided hmm these would taste even better with toppings! We cant wait to be apart of your event!\n\nTasty Swirls company is known for making the Cotton candy with organic raw cane sugar, natural flavors, and no artificial dyes. We add toppings to our cotton candy which include sprinkles, tajn, sour patch kids, chocolate drizzle and so much more! We have the cart as a blank canvas to help customers design it how they want. Also we can cater to any event whether it be a wedding, baby shower, birthday party, corporate event or public event. I honestly enjoy seeing people of any age get excited when they see their cotton candy getting made and when they take their first bite. Their face just lights up!',	10),
(7,	'Barmasters Texas',	6,	'BarMasters Texas is a full service bartending and bar planning company based in the San Antonio & Austin areas. We serve at weddings and other special events such as banquets, corporate parties, private events, graduation parties, birthday celebrations, bridal showers, and more. We work closely with you to create the perfect bar for your event! We look forward to the opportunity to serve you at your special event.\n\nWe provide full bartending and planning packages, bartenders by the hour, nonalcoholic options, consultations and more! We work closely with you to create the bar that fits any budget, theme, color scheme, season, etc! We are committed to giving brides and grooms a high quality bar at a reasonable price.',	11),
(9,	'Molly FLorist',	3,	'Hi, I\'m Molly! I am the main owner of Molly Florists and I\'m here to help you create your dream bouquets for your wedding.',	42),
(11,	'Candy Barr Liquors',	6,	'We\'re Candy Barr Liquors. Home of cocktails on the sweet side!',	45),
(12,	'Chicken N Dumplins',	4,	'Hey there, we\'re Chicken N Dumplins; a soul kitchen that\'s sure to add some comfort to your next big event!',	60),
(13,	'SA Fresh',	4,	'SA Fresh is a wonderfully aesthetic catering service designed specifically with vegan eatery in mind.',	61),
(15,	'OR2K',	1,	'Here at OR2K, we give you a high class nightclub experience to have fun till dawn.',	63),
(16,	'The Cake Shop SA',	5,	'The Cake Shop has been helping people create memories for over 15 years in San Antonio! We strive to make each cake the perfect centerpiece for your big day! Along with cakes we offer a variety of mini desserts as well! From cupcakes and cakepops to our dreamy cheesecake and smores shots!',	64),
(17,	'The Vintage Field',	1,	'The Vintage Field is family owned land with an indoor and outdoor venue.',	65),
(18,	'Sam\'s Bakery',	5,	'Sam\'s Bakery has been a staple in the San Antonio dessert scene for the last 5 years. With selections from wedding cakes, dreamy cupcakes, and even parfaits and cakepops you\'ll love booking with us for your next big event. Find the perfect dessert to satisfy your party\'s sweet tooth here!',	67),
(22,	'Whittenhouse Pub',	6,	'Whittenhouse Pub has been around for the last 50 years. As a longstanding member of San Antonio\'s bar community the Whittenhouse Pub has recently started doing more big events and it\'s been a huge success. Book with us for your next big event and you won\'t be dissapointed!',	71),
(28,	'Adeaza Floral Paradise',	3,	'My name is Adeaze and I am the founder of Adeaza Floral Paradise where we both grow our own flowers as well as create floral decor for your dream event.',	77),
(30,	'Wedding Photos',	2,	NULL,	79),
(31,	'DJ Band',	7,	NULL,	80),
(33,	'Casino Flowers',	3,	NULL,	86),
(34,	'Pics R Us',	2,	NULL,	87),
(35,	'We Jammin',	7,	NULL,	88),
(36,	'DJMusic Entertainment LLC',	7,	'At DJMusic Entertainment, we bring our client\'s vision to life with an Exceptional and Unique, Entertainment and Wedding Planning Experience. Our main goal and passion are to go beyond our clients expectations. We believe that small details can make a big difference. \n\nWe are passionate about weddings, our team is always an extraordinary duo of DJ and Timeline Assistant who will make sure the Ceremony and Reception run smooth and on time. We help our brides with educational materials.',	89),
(37,	'Mokara Hotel and Spa',	1,	'Mokara Hotel & Spa has a long-standing history of excellence. As the only four-star hotel in San Antonio, Mokara Hotel & Spa is the first choice for sophisticated travelers. Experience Mokara Hotel & Spa, a relaxing retreat on San Antonios world-famous River Walk. Just steps from all the action yet worlds away, this inviting oasis has all the best creature comforts easily at hand, including luxurious accommodations, first-class amenities, fine dining and a full-service spa.',	90),
(38,	'Crown Ridge Banquet Hall',	1,	'Crown Ridge Event Center is ideally located in the Hill Country surroundings of San Antonio. The exquisite banquet hall is the perfect location for your wedding celebration! Crown Ridge provides you with several options for your special day. You can opt to host your reception in either the Columbus Room or the Christopher Room. You also have the option of renting and using the entire hall. You can host all the festivities of your special day on siteceremony, cocktail hour, and reception!',	91),
(39,	'JW Marriott San Antonio Hill Country Resort & Spa',	1,	'Nestled amid 600 acres of oak-covered hills, JW Marriott San Antonio Hill Country Resort & Spa is a luxury haven within a stunning landscape. Explore the area\'s most popular attractions, including wineries, SeaWorld, Shops at La Cantera, Natural Bridge Caverns and Six Flags Fiesta Texas. Retreat to our hotel for the thrilling River Bluff Water Experience, a nine-acre water park featuring a 1,100-foot lazy river. Celebrate and succeed in 268,000 square feet of sophisticated event space, featuring outdoor pavilions and elegant ballrooms. After a full day of business or sightseeing in San Antonio, TX, savor delectable fare at one of our six resort restaurants, or rejuvenate your wellbeing at our luxury spa. Find your respite in upscale accommodations with expansive floor plans, plush furnishings, premium amenities and breathtaking views of the Texas Hill Country. An inspiring destination with something for everyone, our resort offers quiet luxury in the beautiful Texas Hill Country.',	92),
(40,	'The Gardens at West Green',	1,	'The Gardens at West Green is San Antonios most unique Small Wedding Venue. We specialize in outdoor garden weddings for the couple who is looking for an intimate ceremony and reception venue at an affordable price. The Gardens at West Green offers an Intimate Garden Wedding at an Affordable Price. It is the first in San Antonio to offer an alternative to the traditional event venue. The peaceful and serene locale provides a beautiful backdrop to your wedding day. Surrounded by centurion oaks and natural vegetation it\'s the perfect solution to a beautiful wedding. Peak seasons are in Spring, Summer, and Fall. Located on Two and a half acres, The Gardens at West Green makes the perfect location for your upcoming Wedding or Gathering. There are so many ways to personalize your special day so that you can create original and holistic themes that bring beauty and joy to even the smallest event. Contact us for availability and additional services.',	93),
(41,	'Ivy Hall Events',	1,	'The Gardens at West Green is San Antonios most unique Small Wedding Venue. We specialize in outdoor garden weddings for the couple who is looking for an intimate ceremony and reception venue at an affordable price. The Gardens at West Green offers an Intimate Garden Wedding at an Affordable Price. It is the first in San Antonio to offer an alternative to the traditional event venue. The peaceful and serene locale provides a beautiful backdrop to your wedding day. Surrounded by centurion oaks and natural vegetation it\'s the perfect solution to a beautiful wedding. Peak seasons are in Spring, Summer, and Fall. Located on Two and a half acres, The Gardens at West Green makes the perfect location for your upcoming Wedding or Gathering. There are so many ways to personalize your special day so that you can create original and holistic themes that bring beauty and joy to even the smallest event. Contact us for availability and additional services.',	94),
(42,	'Rancho La Mission',	1,	'Welcome to Rancho la Mission. We have two venues to choose from  the outdoor venue and the indoor venue, aka \"The Barn. To start the outdoor venue gives you an open-air feel with a rustic winter wonderland filled with lots of tree lights. Plenty of outdoor space for any outdoor event. If you prefer a indoor venue, than The Barn is a perfect, country theme for your ceremony and reception or any event. We are honored to host your event and look forward to start planning your BIG day!',	95),
(43,	'Devils River Distillery',	1,	'Devils River Distillery, situated in San Antonio, TX, offers event space for weddings and other special celebrations. This venue is located only a short distance from the citys historic River Walk, providing a convenient setting that also allows for beautiful photos. Whiskey enthusiasts will appreciate that the distillery is home to Devils River Whiskey, which was founded in 2016. Whether your special day calls for an intimate gathering of 50 or a grand gala with up to 200 guests, this venues happy to assist. The Venue at Devils River Distillery features a luxurious bridal suite on the level of the Grand Mezzanine. The Tasting Room/Main Floor is ideal for wedding ceremonies, boasting an antique bar and copper stills that help to create a unique atmosphere. Finally, The Speakeasy, located on the downstairs level, is perfect for hosting unforgettable receptions. It includes glowing wall sconces and an ambiance thats reminiscent of speakeasies from the Prohibition era.',	96),
(44,	'Magnolia Halle',	1,	'We are San Antonio\'s full service event venue center. Located just off of I-10 and Huebner Rd, you won\'t have to travel far to find the perfect location for any occasion. As a family owned and operated business we love being able to help created memories that people can remember for a lifetime. HILL COUNTRY FEEL. EFFORTLESS EXPERIENCE.',	97),
(45,	'Mother Teresa and Feed Back Catering',	1,	'Mother Teresa is a New Building Venue with all the regulations, nice Food services and Bar services BYOB, Capacity of 350 guests , Free parking Lot located at 375 Fairview St. Feed Back catering on business Since 1996 with another 25 Locations all over San Antonio , with the best reputation on Good Food - Services and Excellent prices Please visit us at (personal information protected by Wedding Wise)',	98),
(46,	'First Delight Photography',	2,	'Cassia and Aaron are San Antonio-based wedding photographers. From intimate backyards to large destination weddings, we want to document one of the most impactful moments of your life. With a passion for people, along with our contemporary, photo-journalistic and candid style, we will capture memories in a way that you can enjoy forever. Cassia & her husband Aaron are the photographers behind First Delight Photography. She has been part of the wedding scene since 2013.\n\nWe are in love so we cherish our love story. We know each story is unique, beautiful and has all the quirks. Hearing your story will give us insight on how to capture a your day as it unfolds and all the people and moments that make your day, yours.',	99),
(47,	'John G Photography LLC',	2,	'John G Photography LLC is a wedding photography business based in San Antonio, Texas. Owner John Gutierrez is an award-winning storyteller who enjoys a good love story! His style of photography brings out the best of your wedding day by capturing candid, authentic moments of pure joy to create a timeless, visual timeline. Couples will be able to reminisce back on their special day, reliving every emotion they felt in the moment, and thus bringing them even closer in love for years to come when looking back on their photos.',	100),
(48,	'Ashley & Tyler Photography',	2,	'',	101),
(49,	'Philip Thomas Photography',	2,	'A Brit from just south of London in England, I have lived in Texas since 2006, when I moved to marry my best friend. Before moving to America, I was a newspaper photographer covering local stories and sports, managed a portrait studio, and traveled the world. A lifelong photographer, I\'ve spent an unhealthy amount of time in darkrooms developing rolls of film and learning from amazing mentors.',	102),
(50,	'David Pezzat Photographers',	2,	'David Pezzat Photographers is a San Antonio-based business that specializes in local as well as destination weddings. David Pezzat is an award-winning photographer who started practicing photography when he was just 16. His exclusive work has been featured in many well-known publications, such as Project Wedding, Maxwell Brides Magazine, Grace Ormonde Wedding Style Magazine, and The Valley Wedding Pages. Hire David and let him create artistic and unique photographs that can reflect connection, emotions, and feelings.',	103),
(51,	'Idea House Media',	2,	'Thanks for considering us, your time just looking into our work is important to us. Our team has bee capturing memories together for more than for seven years. My wife owns a bakery that does wedding cakes and we just love everything wedding. We are also very helpful people who would love to answer your wedding questions. \n\nOur reputation is founded upon our creative perspective, our \"WOW factor, and our dedication to never miss a moment. We don\'t just make wedding videos, we produce \"Wedding Films\" where we tell your love story though live audio and footage from your special day. We stand apart from typical wedding services by not just giving our customers the basics but something different and particular to each couple.',	104),
(52,	'Aliyah Vargas Photography',	2,	'Hey y\'all! Welcome and congrats on your engagement! I\'m Aliyah, a photographer based in Texas, but available anywhere. If I\'m not out shooting, you can find me listening to crime podcasts and chasing my two toddlers around. I\'m a hopeless romantic and I\'ve probably binged watched every cheesy Hallmark movie. I celebrate ALL love! I strive to make my couples feel comfortable and confident no matter what. I love to laugh and have fun so let\'s get this party started! \n\nMy goal is for you to enjoy your wedding day and be present! I will be there to photograph, assist, and have Kleenex handy when needed. Need someone to hold your dress while you pee? Need to vent? Your hair is in the way? I got you. I am your biggest hype man and the best third wheel.',	105),
(53,	'Evelyn Photography',	2,	'Evelyn here, I\'m the one behind the camera, I could spend the whole day talking about myself, but here are a few things you should know about me. As a single mother of two girls, I am the most dedicated and passionate person when it comes to being your photographer. Spanish is my first language since I\'m 100% Mexican! While I was born and raised in a small border town called Piedras Negras, my heart belongs to San Antonio. I have lived here for 16 years, so I am practically half and half. \n\nPhotography is not just a hobby for me. It is a way of expression, passion, and art. Every photograph has a story to tell, and there is no better way to remember you or your loved ones than through a photograph. So don\'t hesitate to chat, tell me all about your special moment, and I\'ll be there!',	106),
(54,	'Greg Reese Events',	2,	'For over two decade Greg Reese designed events for others like Events Destination Weddings Galas. His passion and desire to set out on his own and to create his own identity. In other words, he had a vision of creating a company unlike any other in South Texas. He knew that with his creative ideas, eye for luxury and knowledge of the industry, there would be tremendous opportunities for his new startup. \n\nBecause Greg Reese Events team sets us apart. Were a group of professionals that share a passion for what we do, as well as a commitment to make your event everything youve imagined and beyond. Today Greg Reese plans and designs elegant and spectacular weddings, corporate and destination weddings, We take great pride in creating one-of-a-kind events that truly represent the clients style and personality. Greg creates more than just a party, we create an event that tells the complete story of the couple.',	107),
(55,	'Enchanted Florists',	3,	'Im Shayna and my sister Shelby and I want to share and spread that same joy to you and your people through both florals for events and floral preservation. Well do our best to work with any budget and create a one-of-a-kind floral arrangement to match your person and occasion. We also believe in giving back and getting involved in our community here in San Antonio. So for every bouquet bought we will give another to someone in a local nursing home, assisted living facility, or hospital. Everyone deserves magic moments and by becoming one of our customers, youll be helping to spread the magic.',	108),
(56,	'Nicoles Floral Boutique & Events LLC',	3,	'At Nicoles Floral Boutique & Events in San Antonio, we have years of experience to offer you the most stylish and one-of-a-kind designs for your event. We are here to help you design your flowers to fit your occasion of every scale. Floral arrangements, artistic creations, custom creations (floral and non-floral), events of every scale, home, office, venues in and surrounding the San Antonio area.',	109),
(57,	'Eden\'s Echo Floral Design',	3,	'Welcome to Eden\'s Echo Floral Design & Event Styling! I\'m Erin McLarty, and since 2006 I\'ve been honing my craft and creating bespoke wedding floral designs for incredible couples. My background is in fine art, and I\'m obsessed with nature and beauty, which is reflected in my design. I\'m an artist, a perfectionist, and I love bringing absolute Joy to people via the medium of flowers.',	110),
(58,	'Ay, Poppy Floral & Event Decor',	3,	'Ay, Poppy! Floral & Event Decor specializes in Event Floral and Decor in San Antonio, Texas. Founded by Cici in 2005, our team is dedicated to creating beautiful and affordable events. Our team specializes in creating beautiful and affordable events that are tailored to your style, preferences, and budget. We understand the stress that wedding planning can bring, and strive to provide clients with supportive and comprehensive wedding planning services that are worry- and hassle-free. We will take care of every detail so that you can enjoy your once-in-a-lifetime wedding experience.',	111),
(59,	'Embellished Event Planning',	3,	'Hi there! I\'m Norma, owner and stylist behind Embellished. I love all the details and logistics of any and all events. I\'m a certified planner and designer. My attention to detail and immaculate style helps bring your beautiful wedding ideas into real life! Embellished Event planning is a full-service event planning company with a concierge-style of service. From wedding day management to floral design to full planning, we got you covered! \n\nNo two weddings we do are alike because everything we do is custom. Our team of designers will work with you to bring your dream wedding to life. And, we take our jobs seriously! We often work with our couples for 6 months or more so, it\'s important that we build a creative and trusting relationship. We want each of our couples to rest assured that their wedding concept will be everything they dreamed of and more!',	112),
(60,	'De\'s Flowers',	3,	'De\'s Flowers has been working with couples in South Central Texas since 1999. At De\'s we take pride in our floral designs, and make sure our products are of the best quality for all our clients. We believe that every bride should have confidence in their florist, and with over twenty years of experience, we can guarantee your big day with our high quality services. We absolutely love helping couples live their wedding day dream! \n\nThere\'s no better place to order flowers than with your local San Antonio florist. De\'s Flowers has been built upon generations of florists that have mastered the art of floral design. With sister stores in Piedras Negras and Eagle Pass, anything is possible with us.',	113),
(61,	'Blume Haus Floral Design Studio',	3,	'Blume Haus - artistically crafting each event with a high level of expertise and creativity. We\'ve been in business since January 2014 and have worked with thousands of happy clients! We can\'t wait to meet you and discuss the vision you have for your event! \n\nOur owner Mandy Blissit, comes from a long and extensive coordinating background. Her deep knowledge of events is carried throughout with Blume Haus does and the deep level it operates. Each team member comes with years of design and execution knowledge and experience and we\'re thrilled to use that knowledge to bring your unique and exquisite event to life through flowers and decor!',	114),
(62,	'The Floral Standard',	3,	'Originally from Madrid, Spain, Larissa engages the diversity of her travels and love for nature as inspiration for her creations. The Floral Standard is the only business in Texas that creates Specialty Silk Floral Walls. Her walls are available for all occasions and events. Larissa is very particular in her Floral selections. She only uses quality silks from select vendors across the states. Her goal is to create meticulously detailed designs. \n\nFlower Wall Designs created by The Floral Standard. The Floral Standard is the only company in Texas that is exclusive for Flower Walls. We create Fresh Flower Walls, Silk Floral walls and Custom Designs for all of your event needs. Our Walls are always made with single stems which provide a dimensional, intricate aesthetic. We never use mats or panels (which are low quality and often look flat) You deserve quality, this is where you will find it.',	115),
(63,	'The Flower Guy',	3,	'Local floral artist in San Antonio creating custom weddings and events. Ready to bring your floral visions to life, you imagine and ill create. Allow the floral to speak and make your special day that much more memorable. Planning a wedding can be exhausting, let me help to ease the stress of choosing floras and make it a fun and memorable experience. Keeping budget and theme in mind we will create beautiful floral that will be remembered forever. Whether you\'re planning an extravagant event or intimate ceremony I will be available every step of the way. Message me today for a free consultation.',	116),
(64,	'Chef Ds Catering',	4,	'Chef Ds Catering prides ourselves with our love for cooking and presentation. Franklin Davis, owner and chef is a cook by trade from years of cooking with his mother. We specialize in full offsite catering, handling everything from open bar to fine dining experience. Creating the perfect friendly environment for a clients, focusing on quality and consistency, giving our clients and customers a memorable experience.',	117),
(65,	'Wild Whisk',	4,	'We are a private family boutique business working alongside our 4 children to teach them work ethic and business principles. My husband is an attorney and the \"meat master of the operation and I am a former pro makeup artist who now bosses people around about their appetizers and their aesthetic. We attended so many events where the food just sucked..we knew we could do better and here we are, killing it in catering!!',	118),
(66,	'Honchos - The House of Churros',	4,	'Say it with Churros! Churros are a traditional Spanish dessert/breakfast, but somehow over the years they have been Latinized; since they are popular in Brazil, Mexico, Peru, Argentina and other Latin American countries. Most people know what Churros are, some of them have tasted and loved them for sure - but for some reason, we couldn\'t find the right experience in popular restaurants or local spots.Wondering with that idea, we set our minds to finding the right ingredients and flavors. Passioned about serving the best churros possible we established our first churro truck on 2016 in San Antonio, Texas.',	119),
(67,	'JC Cooks Catering',	4,	'JC Cooks is a San Antonio Catering Company and Personal Chef Service. JC Cooks Owner and Chef, Joyce Cunha, is passionate about cooking healthy, mouthwatering dishes for on-the-go, time-strapped people. Joyce brings over 20 years of professional food service experience to the table, and takes pride in preparing and delivering culinary delights that range the gamut from down-home family favorites to international gourmet cuisine. Plus, she is also a pastry chef who enjoys baking her own handmade pies, cakes and holiday cookies.',	120),
(68,	'Frost 321, LLC',	4,	'After an enchanting wedding in Paris, at roughly 40,000 feet in the air, the idea for Frost 321 was born. Founded by a practicing health attorney, Frost 321 is named to reflect the revolutionary process of freezing at -321 degrees Fahrenheit. Frost 321 creates the best-tasting ice creams, sorbets, and cocktails in the most enchanting way possible. Not only is the taste impeccable, but the experience is unforgettable. Created right before your eyes, Frost 321 provides a dessert experience that excites the taste buds and minds of guests, long after theyve finished their tasty treats.',	122),
(69,	'Anne Maries Catering',	4,	'Welcome to Anne Maries Catering and Banquet Venue. Let us help you plan the perfect event in South Texas. Anne Maries at Devonshire Place offers a beautiful Banquet venue which is unsurpassed in design, features and elegance. Worry-free events are what we do best. Let Anne Maries Catering hand all the details. From the flowers, dcor and everything in between. We make planning your next party easy.',	123),
(70,	'Scratch Kitchen',	4,	'We are a family-owned bakery, restaurant, and catering company that offers delicious desserts and fine food in San Antonio\'s Alta Vista neighborhood. We are the perfect caterer for brunch weddings, garden weddings, or any wedding where a delicious family-style meal or buffet meal is preferred over a formal sit-down dinner. We also love to cater bridal showers, baby showers, birthday celebrations, and all other parties and meetings! \n\nOwner Becky Medellin serves as the company\'s catering manager, ensuring that couples have her full attention and her eye on all the details. From the menu tasting to the big night, our top priority is delighting the bride and groom!',	124),
(71,	'Four Sisters Catering',	4,	'You are now experiencing the most exciting and perhaps busiest time of your life...Planning Your Wedding! Four Sisters Catering understands the importance of making your Wedding Day an Affair To Remember. Whether you choose to have an enchanted afternoon event or an evening of splendor, our Wedding Planner specializes in unique, custom wedding packages designed to exceed your every expectation! This will be the first event you will be hosting together as Man & Wife! You want your guests to be impressed! So your every detail is of the utmost importance to US! \n\nFour Sisters Catering is family owned and operated. We have been Catering San Antonio for over 24 years. Our culinary style of gourmet cuisine fused together with our impeccable presentation is our signature and our \"family brand.\" The taste and style of our food is so unique to Four Sisters that were 100% confident you will absolutely LOVE it! We have been voted Best Caterers in San Antonio on the Expertise website, 3 years in a row!',	125),
(72,	'Sugar Clouds Cotton Candy',	5,	'Sugar Clouds makes organic gourmet cotton candy that we spin onsite for all events of any size! We offer 25 delicious flavors! We also package our cotton candy in containers, party cones, beverage glitter bombs, and hot cocoa bombs.We were the first in the area to offer spinning onsite and offer organic and all natural cotton candy. We do not add any food coloring to our sugars so our cotton candy is all white which is so pretty.',	126),
(73,	'Whirls and Swirls Bakery',	5,	'Superior service and ingredients, personalized attention. We put lots of love and careful thought into all we do. We would love to be a part of your big day, no matter the size of the event! Elopement cake for 2? Dessert Table for 350? 4-tier cake? Dozens of cupcakes? A single dozen cupcakes? Let us celebrate with you! We love to create bold flavor combinations. We have a line of signature flavors, but we are also willing to work with you to make a flavor profile that reflects you and your big (or small) day. Texas Cottage Baker.',	127),
(74,	'Green Cookie Jar',	5,	'Hello, everyone! This is Ryan Jackson. I am the proud owner of Green Cookie Jar! I make custom cookies! I love traveling, making cookies, and gardening as well! I cannot wait to be able to work with you on your special day!',	128),
(75,	'Meemo\'s Bakery & Cafe',	5,	'Meemo has been baking custom wedding cakes, wedding cupcakes, and grooms cakes for over 30 years. Using the finest ingredients like fresh eggs, fresh dairy products, real butter and fresh fruits. We never use mixes or premade fillings. Everything is fresh and delicious. We create stunning wedding cakes to match your personality and wedding theme. Give us a call or email us for a no obligation consultation.',	129),
(76,	'Frost 321, Llc',	5,	'After an enchanting wedding in Paris, at roughly 40,000 feet in the air, the idea for Frost 321 was born. Founded by a practicing health attorney, Frost 321 is named to reflect the revolutionary process of freezing at -321 degrees Fahrenheit. Frost 321 creates the best-tasting ice creams, sorbets, and cocktails in the most enchanting way possible. Not only is the taste impeccable, but the experience is unforgettable. Created right before your eyes, Frost 321 provides a dessert experience that excites the taste buds and minds of guests, long after theyve finished their tasty treats.',	130),
(77,	'Jane Dough',	5,	'Jane dough is a san antonio based cakery that specializes in bespoke cake design and specialty cookies. Jane dough offers custom, traditional, and novelty cakes for any special occasion as well as cookies, cupcakes, and more. It is the mission of jane dough to spread joy in every moment of the day and we encourage all clients to find their joy and choose it everyday, as well. I hope the life you live is filled with all the joy life has to offer and everyday in every moment you choose joy. \n\nJane Dough bakes pure joy into a design specifically curated to embody your unmatched love. Just like your big day, Jane Dough will ensure that your cake is exquisite and unforgettable. Find out more about our wedding cakes and see the endless possibilities for your big day below!',	131),
(78,	'Sweet Grace',	5,	'Hi everyone! My name is Malina Lee and I am the owner of Sweet Grace, I run this business with the help of my family. Sweet Grace started out offering just cupcakes but we have grown and our business is now primarily weddings and corporate events. Every single item leaving the Sweet Grace kitchen is not only beautiful and timeless but absolutely delicious. \n\nIn the early days of Sweet Grace I tested and wrote all of the cake recipes still used to this day. At Sweet Grace we pride ourselves on delicious and beautiful products that elevate experience you have on one of those most important days of your life. Thank you for considering Sweet Grace.',	132),
(79,	'Tasty Swirls Company',	5,	'My name is Desareye and I am the owner of Tasty Swirls Company. Ive always had a creative side and loved desserts so I wanted to start a business that would combine both. Most importantly share it with you! Cotton Candy has always been a favorite as it is so fluffy, fun and just melts in your mouth making you want more! I wanted our cotton candy to be a little different than your normal pink and blue cotton candy so I decided why not make it with unique flavors. I started to think of what flavors I would do and decided hmm these would taste even better with toppings! We cant wait to be apart of your event!\n\nTasty Swirls company is known for making the Cotton candy with organic raw cane sugar, natural flavors, and no artificial dyes. We add toppings to our cotton candy which include sprinkles, tajn, sour patch kids, chocolate drizzle and so much more! We have the cart as a blank canvas to help customers design it how they want. Also we can cater to any event whether it be a wedding, baby shower, birthday party, corporate event or public event. I honestly enjoy seeing people of any age get excited when they see their cotton candy getting made and when they take their first bite. Their face just lights up!',	133),
(80,	'Asukar',	5,	'From show stopping wedding cakes to decadent dessert bars and everything in between, we are here to translate your vision into a both stunning and delicious experience. At Asukar, we push the envelope on how memorable we can make an event by carefully curating the experience down to the sweetest details. \n\nCreating amazing cakes from the ground up truly invigorates me. When I listen to a client\'s story and vision for their special project or event, I am inspired by their ideas. This inspiration is the driving force for me and my team to create something they could have never imagined, but always wanted. What\'s more exciting than that?',	134),
(81,	'Barmasters Texas',	6,	'BarMasters Texas is a full service bartending and bar planning company based in the San Antonio & Austin areas. We serve at weddings and other special events such as banquets, corporate parties, private events, graduation parties, birthday celebrations, bridal showers, and more. We work closely with you to create the perfect bar for your event! We look forward to the opportunity to serve you at your special event.',	135),
(82,	'Bubble Tap Trailer Co.',	6,	'Introducing The Bubble Tap Trailer! Established in 2017, we were the first of our kind in the US, The Bubble Tap Trailer brings you Prosecco and Wine straight out of the tap. Our self-contained, vintage 1953 trailer will pull up to your event ready to serve bubbly to you and your guests. Add an element of surprise to your event with The Champagne Room Photo Booth! Located inside the trailer is an adorable lounge with perfect lighting for those AMAZING reception pictures that are sent directly to your phone, and ready for social media!',	136),
(83,	'The Impressed Guest',	6,	'From small intimate socially-distant parties to weddings for your closest friends and family, we\'re happy to show your guests the top service available. Providing decorated bars based on the theme you choose and exclusive cocktails specifically made to show how you party! ADD SOME FLAIR! Professional flair bartenders will blow your audience away with a show they won\'t soon forget.',	137),
(84,	'MMK Mixology Services LLC',	6,	'Our talented team brings years of hospitality experience and unmatched enthusiasm to every private event. We understand just how much time and effort goes into planning a wedding or special event and provide each client with service that consistently exceeds expectations. From the initial consultation to cleanup, we will be with you every step of the way to assist with every last detail.',	138),
(85,	'D&J\'s Margaritas, Music & More',	6,	'We are a wedding bar and beverages service based in Victoria, TX. Our charming bar trailer is just what you need to take your wedding celebration to the next level. Our goal is to make your event stress-free and fun! We can also provide a karaoke stage complete with a Bluetooth-compatible sound system, microphones, and lights. You and your guests can sing and dance the night away. We also have a state-of-the-art photo booth so that you can capture memories you\'ll cherish forever. Your wedding is an opportunity to share extraordinary experiences with family and friends, and we can\'t wait to help you celebrate in style. \n\nD&J\'s Margaritas, Music & More aims to not only bring the fun but also help your special day be as stress-free as possible. By offering our mobile bar trailer and bartending service, as well as the options for the karaoke stage and sound system, as well as the photo booth, we want to be your one-stop-shop to help make things as easy as possible.',	139),
(86,	'Rocking R & B',	6,	'Rocking R & B offers unique party rentals to the Texas Hill Country. We currently have a two horse trailer that we renovated into a mobile bar. It is equipped with a cooler room that can fit 4 full size kegs, liquor dispensers that hold up to six bottles and room to serve. \n\nWe have one of the few mobile bars that has a climate controlled keg room with a tap system that can serve four varieties at a time. We also are capable of serving beer, wine and liquor all at the same time with a unique rustic look.',	140),
(87,	'Tap Truck Usa',	6,	'Tap Truck provides cocktail and beverage catering for locations across the U.S. and International. Most people recognize us as a draft beer truck but we also offer wine, cocktail bar catering, and non-alcoholic options. We service events ranging from 25 to 5,000 thirsty guests. Our portable bar rental services events such as: weddings, private parties, corporate events, beer festivals, football game tailgates and much more! Tap Truck USA is the premier mobile bar experience for any and all occasions serving whatever beverages your guests desire. \n\nTap Truck USA is the original vintage beer truck and mobile bar experience. The four pillars or building blocks of Tap Truck are exceptional service, accountability and integrity, uniqueness and flexibility, and of course a refined beverage palate. We take the stress out of your events and handle all your bars needs.',	141),
(88,	'Barista Kats',	6,	'Let us help you create memorable events your guests will not forget. Our Baristas are creative, attentive, engaging and they love nothing more than delivering delicious pours, espressos, signature lattes and more. Whether you\'re hosting a business conference, convention, meeting, special event, wedding and more, you\'ll get a customized Coffee Bar complete with Barista serving some of the world\'s best coffees!\n\nWe provide excellent service and specialize in catering craft coffees. We have Coffee Mobile Bars and talented Baristas. Bringing this service to your convention, meeting, wedding and events of all sizes.',	142),
(89,	'Bring It! Productions',	7,	'Bring It Productions takes pride in delivering each and every time. A DJ can make or break your wedding day- we understand that and believe in giving a bride exactly what she wants. This is YOUR big day and you deserve it to be as magical as you have always dreamed it to be. We have any and all styles of music and cater that to what you want but we are way more than just an individual playing music. We are entertainment, We are MCs, We also offer Karaoke, rentals and lighting! While you are at it, do not forget to ask us about our Photo booths. Take advantage of our free consultation and remember. You Dream It We Bring IT!!! \n\nThe willingness to go the extra mile to make sure your event is as perfect as possible. We work with all aspects of the wedding and all other vendors so we can magically make every moment the most special of the night.',	143),
(90,	'Dj Masquerade And Photo Booths',	7,	'LIFE IS BETTER WHEN YOU DANCE! Masquerade DJ & Photo Booths is your Best choice for your Dream Wedding and Exciting Birthday Party or Reunion or any occasion to celebrate! You can select the music from over 200,000 songs in every category from top hits.',	144),
(91,	'ICADJ Events',	7,	'One of the most frequently asked questions is, \"What music do you play?\" Well, since music is digital everyone can now claim to be a DJ. The difference is the experience of when to play it, how long to play the song, and listening to what the client is asking for. During your consultation, we will help you create your custom playlist. Some of our past clients prefer full control and request we only play what\'s on the list of songs requested. Just think, what do I want for my event? How can I make my dreams come to reality?',	145),
(92,	'Everjoy Entertainment',	7,	'To ensure a seamless, stress-free experience, Everjoy Entertainment offers unlimited consultations, allowing you to meet with us as many times as you like. Our packages includes four to six hours of music, event setup and teardown, and two fun event extras of your choice. We provide live instrumental guitar, piano, or cello music which adds a nice live musical component to the atmosphere. You may also opt to enhance your package with a range of -la-carte add-ons, cold sparklers, customized monogram, among others. For an unforgettable night of entertainment, contact Everjoy Entertainment today!',	146),
(93,	'Finding Friday',	7,	'Finding Friday is a polished, high energy cover band based out of San Antonio. Playing hits from the 70s  today, Finding Friday takes pride in keeping the audience entertained and the dance floor jam-packed. With superstar lead vocalist, Christopher Byrd, leading the way, the group covers some of the most vocally gifted artists out there such as Journey, Bruno Mars and Earth Wind & Fire to name a few. Finding Friday also features female vocalists, Jennifer Espinoza and Jazmin Lopez, who deliver stunning lead and background vocal performances.',	147),
(94,	'Carlos Sanchez',	7,	'Carlos Sanchez is an Award Winning Guitarist, Rated #1 in the San Antonio and surrounding areas. Carlos performs as a Solo Guitarist, Spanish Guitar Duo, Trio or 4 piece Band. For almost any kind of event, Carlos will add that special touch you are looking for. He is an expert at setting the perfect ambience for your event. One of the greatest compliments from his clients is his vast repertoire which includes music form many genres across time. His Clients love his professionalism and how he treats you as if you were his only client. His attention to detail and perfectionist attitude will allow you to relax and focus on other things. \n\nCarlos has a Masters Degree in Classical Guitar performance and has received master instruction through great musicians from Spain, Cuba, Chile, US, Mexico, among others and has been performing for more than 30 years. Carlos knows the importance of professionalism and timeliness. He meets with couples to discuss their desires for the wedding, and then is sure to arrive on time and prepared when the day comes. He will guide you through the entire process from the first call to the day of. Carlos will provide music for not only the ceremony, but also your cocktail hour, reception, and rehearsal dinner. Carlos is willing to travel Nationwide.',	148),
(95,	'DJMusic Entertainment LLC',	7,	'At DJMusic Entertainment, we bring our client\'s vision to life with an Exceptional and Unique, Entertainment and Wedding Planning Experience. Our main goal and passion are to go beyond our clients expectations. We believe that small details can make a big difference. \n\nWe are passionate about weddings, our team is always an extraordinary duo of DJ and Timeline Assistant who will make sure the Ceremony and Reception run smooth and on time. We help our brides with educational materials.',	149),
(96,	'At Last Entertainment',	7,	'At Last Entertainment has a decade of experience doing events  weddings are our specialty. We are very detail oriented in the planning and execution of an event. We bring the fun and the energy to your guests and bring the calm and confidence to our couple. Contact us today to learn more!',	150),
(97,	'iDJ Events',	7,	'iDJ Events is committed to make sure that all of your events are special and that your guests have a great time. Be ready to sing along to your favorite songs and dance all night when you hire iDJ Events in San Antonio or Austin TX. Our well-dressed and articulated DJs and MCs strive to be professional and amazing. \n\nWe bring our client\'s vision to life with an exceptional and unique, entertainment experience. We are DJ\'s dedicated to helping every bride and groom feel important and special on their big day. Our main goal and passion are to go beyond our client\'s expectations. We are DJ\'s working solely to meet your needs and ensure your dreams come true.',	151),
(98,	'Starlite Entertainment Management & Productions',	7,	'Percussion dynamo Henry Brun, has performed on more than 845 recordings, including numerous Grammy-winning and gold / platinum-award winning albums. Bruns dedication to musical excellence has earned him the opportunity to tour and record with such artists as Arturo Sandoval, Justo Almario, Nestor Torres, Charo, Los Lobos, Texas Tornados, Little Joe y La Familia and Los Super Seven. His passion for music lead him to launch Starlite Entertainment, a company that prides itself in representing the highest level of talent in San Antonio. Most of their members are award winning artists of national or international status.\n\nDont be scared! Our philosophy is render top notch entertainment at a reasonable cost. We understand what it takes to make an event happen and its cost. We also are cognizant of budgetary limitations, so why not try and let us do our magic for you? We can customize any entertainment package to fit your budget! Dont sacrifice quality because of budget. Ask before you decide. Im sure you will be pleased with what we can do within your budget.',	152);

DROP TABLE IF EXISTS `vendors_photo_format`;
CREATE TABLE `vendors_photo_format` (
`id` bigint(20) NOT NULL AUTO_INCREMENT,
`photo_format_id` bigint(20) NOT NULL,
`vendor_id` bigint(20) NOT NULL,
PRIMARY KEY (`id`),
KEY `vendor_id_fk` (`vendor_id`),
KEY `photographers_photo_format_id_fk` (`photo_format_id`),
CONSTRAINT `photographers_photo_format_id_fk` FOREIGN KEY (`photo_format_id`) REFERENCES `photo_format` (`id`),
CONSTRAINT `vendor_id_fk` FOREIGN KEY (`vendor_id`) REFERENCES `vendors` (`id`)
) ENGINE=InnoDB DEFAULT CHARSET=utf8mb4 COLLATE=utf8mb4_general_ci;

INSERT INTO `vendors_photo_format` (`id`, `photo_format_id`, `vendor_id`) VALUES
(2,	1,	2),
(4,	3,	30),
(5,	3,	34),
(14,	1,	46),
(15,	1,	47),
(16,	1,	48),
(17,	3,	49),
(18,	3,	50),
(19,	1,	51),
(20,	3,	52),
(21,	3,	53);

DROP TABLE IF EXISTS `vendor_categories`;
CREATE TABLE `vendor_categories` (
`id` bigint(20) NOT NULL AUTO_INCREMENT,
`title` varchar(50) DEFAULT NULL,
PRIMARY KEY (`id`)
) ENGINE=InnoDB DEFAULT CHARSET=utf8mb4 COLLATE=utf8mb4_general_ci;

INSERT INTO `vendor_categories` (`id`, `title`) VALUES
(1,	'Venues'),
(2,	'Photographers'),
(3,	'Florists'),
(4,	'Catering'),
(5,	'Cakes and Dessert'),
(6,	'Bar and Beverage'),
(7,	'Bands and DJs');

DROP TABLE IF EXISTS `vendor_packages`;
CREATE TABLE `vendor_packages` (
`id` bigint(20) NOT NULL AUTO_INCREMENT,
`title` varchar(50) NOT NULL,
`description` varchar(1000) NOT NULL,
`vendor_id` bigint(20) NOT NULL,
PRIMARY KEY (`id`),
KEY `FK90b5gv68mhjdadte5sfdwfah` (`vendor_id`),
CONSTRAINT `vendor_packages_ibfk_1` FOREIGN KEY (`vendor_id`) REFERENCES `vendors` (`id`)
) ENGINE=InnoDB DEFAULT CHARSET=utf8mb4 COLLATE=utf8mb4_general_ci;

INSERT INTO `vendor_packages` (`id`, `title`, `description`, `vendor_id`) VALUES
(1,	'Barn or Outdoor Courtyard',	'Welcome to Rancho la Mission. We have two venues to choose from  the outdoor venue and the indoor venue, aka The Barn. To start the outdoor venue gives you an open-air feel with a rustic winter wonderland filled with lots of tree lights. Plenty of outdoor space for any outdoor event. If you prefer a indoor venue, than The Barn is a perfect, country theme for your ceremony and reception or any event. We are honored to host your event and look forward to start planning your BIG day!',	1),
(2,	'Engagements',	'The engagement sessions are included with your wedding package and are a great way to get to know your photographer, and if you only need a save-the-date, say no more!',	2),
(3,	'Bridals',	'Get your hair and makeup done, with an 18 x 24 print to display on your special day, and at least three hours of coverage.',	2),
(4,	'Weddings',	'Wedding coverage starts with 8 hours of coverages and a second photographer a fabric cover album and online gallery.',	2),
(5,	'Ceremony Package',	'This Complete Ceremony Package contains all the features for a beautiful wedding service. Your ceremony starts with background music of your choice and style to set the perfect romantic mood as your guests take their seats. The duties of our DJ & Event Expert include the correct timing of music being played as your wedding party walks in and constant monitoring of the microphone to prevent annoying feedback.',	3),
(6,	'Silver Package',	'Our \"Silver Reception Package\" contains all the features for a great celebration! It starts with cocktail and dinner music of your choice to set the perfect mood for your reception. Our DJ will perform the duties of Master of Ceremony, including introductions, toasts, and other formalities you wish to include, it will also perfectly mix your favorite dance tunes & motivate your guests.',	3),
(7,	'Gold Package',	'This \"Gold Reception Package\" has the same features as our Silver Package plus one Enhancement.',	3),
(8,	'Platinum Package',	'Our \"Platinum Reception Package\" has the same features as our Gold Package but it includes two enhancements.',	3),
(9,	'Diamond Package',	'Our \"Diamond Reception Package\" has the same features as our Platinum Package but it includes 2 hours of our Photo Booth',	3),
(10,	'Enhancements',	'You can pick between one or two enhancements depending of you wedding package',	3),
(11,	'Intimate',	'1 Hour Live Spun Cotton Candy Service with Unlimited Servings  3-4 Flavors  Toppings Included!',	6),
(12,	'Social',	'2 Hour Live Spun Cotton Candy Service with Unlimited Servings  3-4 Flavors  Toppings Included!',	6),
(13,	'Grand',	'3 Hour Live Spun Cotton Candy Service with Unlimited Servings  3-4 Flavors  Toppings Included!',	6),
(14,	'All inclusive',	'With this all inclusive package, you can literally just \'enjoy the ride\'! This package includes: Engagement Session with 2 outfits Bridal/Rehearsal Dinner Full wedding day coverage',	46),
(15,	'Simple and Sweet',	'With this Simple and Sweet package you will receive: A sunset engagement session 6 hours of wedding day coverage *This packaged can be customized to your needs',	46),
(16,	'Elopement Package',	'Elopement full coverage',	46),
(17,	'Intimate',	'1 Hour Live Spun Cotton Candy Service with Unlimited Servings  3-4 Flavors  Toppings Included!',	79),
(18,	'Social',	'2 Hour Live Spun Cotton Candy Service with Unlimited Servings  3-4 Flavors  Toppings Included!',	79),
(19,	'Grand',	'3 Hour Live Spun Cotton Candy Service with Unlimited Servings  3-4 Flavors  Toppings Included!',	79),
(20,	'Ceremony Package',	'This Complete Ceremony Package contains all the features for a beautiful wedding service. Your ceremony starts with background music of your choice and style to set the perfect romantic mood as your guests take their seats. The duties of our DJ & Event Expert include the correct timing of music being played as your wedding party walks in and constant monitoring of the microphone to prevent annoying feedback.',	95),
(21,	'Silver Package',	'Our \"Silver Reception Package\" contains all the features for a great celebration! It starts with cocktail and dinner music of your choice to set the perfect mood for your reception. Our DJ will perform the duties of Master of Ceremony, including introductions, toasts, and other formalities you wish to include, it will also perfectly mix your favorite dance tunes & motivate your guests.',	95),
(22,	'Gold Package',	'This \"Gold Reception Package\" has the same features as our Silver Package plus one Enhancement.',	95),
(23,	'Platinum Package',	'Our \"Platinum Reception Package\" has the same features as our Gold Package but it includes two enhancements.',	95),
(24,	'Diamond Package',	'Our \"Diamond Reception Package\" has the same features as our Platinum Package but it includes 2 hours of our Photo Booth',	95),
(25,	'Enhancements',	'You can pick between one or two enhancements depending of you wedding package',	95),
(26,	'Bokeh Elopement Microwedding Photography',	'The Bokeh Photography package is perfect for an elopement or micro-wedding. Planned accordingly we can possibly squeeze in time for photos getting ready or an intimate shoot post ceremony. You will receive 100-150 photos.',	51),
(27,	'Copper Wedding Photography Package',	'The Copper Photography package is our most popular photo package. Most of our 2020-21 weddings have been around the 6-8 hour time frame. You will receive 400-500 photos with 100 highly edited portraits. (We don	 charge by number of guests, which we think is better for our customers)',	51),
(28,	'Copper & Birch Film//Photography Package',	'The Copper & Birch package has been our most popular this year. Most of our 2020-21 weddings have been around the 6-8 hour time frame. First off, we book you for a FREE engagement OR Bridal shoot. The sooner the better on this so you can create all your invitations and social posts. You will receive a 6-7 minute wedding film using live audio and video to tell your love story and 400-500 photos with 100 highly edited portraits.',	51),
(29,	'Champagne Wedding Photography Package',	'The Champagne Photography package is for larger weddings that last a little longer. You will receive 600 - 800 photos including 150 highly edited portraits. We will be there to capture you getting ready all the way to the moment you leave on your new journey.',	51),
(30,	'Rose Gold & Champagne Film/Photo Package',	'The Rose Gold & Champagne Film & Photography is for larger weddings that last a little longer. First off, we book you for a FREE engagement or Bridal shoot. (The sooner the better on this so you can create all your invitations and social posts) You will receive a 7 - 9 minute wedding film using live audio and video to tell your love story. You will also receive 3 Wedding Reel/Tik Tok videos and 600-800 photos with 150 highly edited portraits.',	51),
(31,	'Birch Wedding Film Package',	'The Birch film package is our most popular package. Most of our 2020-21 weddings have been around the 6-8 hour time frame. You will receive a 6-7 minute wedding film using live audio and video to tell your love story.',	51),
(32,	'Rose Gold Wedding Film Package',	'The Rose Gold Film packages for larger weddings that last a little longer. You will receive a 7 - 9 minute wedding film using live audio and video to tell your love story. You will also receive 3 Wedding Reel/Tik Tok videos',	51),
(33,	'Wedding Shoutout Video',	'Have a special section with lighting and microphones to give your guests an opportunity to share testimonies, marriage advice, fun or emotional stories, kind words, or just a nice congratulations. All your shoutouts are organized and cut into a final video. If you have booked us for your wedding film we create a cute intro with special shots from your wedding. (We try to use mostly shots here that are not in the final wedding film so we can get you nice and teary eyed again)',	51);

DROP TABLE IF EXISTS `vendor_ratings_reviews`;
CREATE TABLE `vendor_ratings_reviews` (
`id` bigint(20) NOT NULL AUTO_INCREMENT,
`rating` int(11) NOT NULL,
`cost` int(11) DEFAULT NULL,
`title` varchar(100) NOT NULL,
`description` varchar(2500) NOT NULL,
`customer_id` bigint(20) NOT NULL,
`vendor_id` bigint(20) NOT NULL,
PRIMARY KEY (`id`),
KEY `customer_id` (`customer_id`),
KEY `vendor_id` (`vendor_id`),
CONSTRAINT `vendor_ratings_reviews_ibfk_1` FOREIGN KEY (`customer_id`) REFERENCES `customers` (`id`),
CONSTRAINT `vendor_ratings_reviews_ibfk_2` FOREIGN KEY (`vendor_id`) REFERENCES `vendors` (`id`),
CONSTRAINT `rating_check` CHECK (`rating` between 1 and 5),
CONSTRAINT `cost_check` CHECK (`cost` between 1 and 4)
) ENGINE=InnoDB DEFAULT CHARSET=utf8mb4 COLLATE=utf8mb4_general_ci;

INSERT INTO `vendor_ratings_reviews` (`id`, `rating`, `cost`, `title`, `description`, `customer_id`, `vendor_id`) VALUES
(1,	5,	NULL,	'110% amazing',	'Karen was very kind and have all of the information regarding the venue and options. She answered any/all questions very quickly. Id do it all over again! Such a gorgeous venue and at a great price. We had our wedding on a Sunday.',	30,	40),
(2,	2,	NULL,	'Really thought I\'d love but let down.',	'was overall happy with the wedding because of course it\'s supposed to be a joyous event. However I would be reluctant to refer them to a friend. The coordinator we were assigned to left the company a several months out from the wedding. We were assured that the new person taking over would take care of our needs. Flat out the ball was dropped. The coordination from that point was a disaster. We were never given a tasting even though it was built into the price. I asked multiple times. We finally were asked to come to the venue for another walk through to plan where things would go for both ceremony and reception and we would have a tasting at that meeting. Gave our availability. No response. Reached out again the next week with more availability and then they got back to us. Did not have a tasting. After that I was reaching out for over a week maybe 2 by phone and email about how many tables etc so that decor could adequately be planned. No response. I then started just contacting the venue and not the coordinator directly and was passed to someone else that said they would be taking over from there. I was then basically called and asked everything we were asked when we had last met with the coordinator at the venue (where we were wanting things etc). Clearly that meeting was pointless. This call was literally weeks before the wedding. Wedding day came and their venue set up workers were not on time and would not let my coordinator and helpers set up do to liability since their people WEREN\'T THERE YET. This was all going on while I was getting ready off site so I was in the dark until I got there. There may have been other mishaps I\'m forgetting during that set up but again I was not there. Of course I wasn\'t 100% happy with the food. UGH. Most of it was great however if we had a tasting I definitely would\'ve axed 2 of the items. Specifically the chicken and waffles. Waffle was eggo quality. We booked a year out so this can not be an issue of time.',	31,	41),
(3,	5,	NULL,	'Look no further!',	'Cassia is the best! She goes above and beyond what you could ask for. She gets to know you and what you are wanting as well as giving wonderful recommendations when you ask for them. Very accommodating to your requests and professional. Cassia has been the photographer for my wedding, my sisters wedding, and family event photos. Highly recommend!',	32,	46),
(4,	5,	NULL,	'Mr.',	'John was great to communicate with, very flexible and accommodating. He had set poses in mind but was also open to us doing different things.',	33,	47),
(5,	5,	NULL,	'Excellent service',	'Were so glad we hired John G photography LLC as our photographer. John was punctual, organized, friendly, and overall made us feel very comfortable. My husband and I are not very photogenic, but John made sure he could capture us at our most natural state. We wanted someone who specialized in sunset photography since our wedding was later in the day. If youre looking for someone who can capture those sunset pictures look no further. One thing I especially loved about Johns photography is not only does he capture those candid photos, but hes also great at coaching you to get the best poses possible. John is very talented and will most definitely make your dream pictures come true.',	34,	47),
(6,	5,	NULL,	'Made our day',	'Our greatest hope for our wedding was for everything to be personal and authentic to us as a couple and John\'s presence that day/professionalism was a big part of that being possible. John was extremely flexible for two very go with the flow, figure it out when we get there people. Planning an OOT wedding at a private residence, John was great with communication and making sure we were all on the same page for the day of. John was a genuine, kind presence to have at our wedding and we would\'ve loved that energy in general, but he ALSO caught all of these sweet moments from our dearest memory.',	40,	47),
(7,	5,	NULL,	'Amazing Photographer!',	'John G Photography made the photo sessions such an enjoyable experience! During the actual ceremony I never even noticed he was there, but the photos say otherwise! Absolutely perfect! He made everything feel so natural and captured it in such a way that I feel the emotions all over again every time I view the photos.',	41,	47),
(8,	5,	NULL,	'Hire her!!',	'I cannot speak highly enough of Aliyah and her colleague Amani!! They were punctual, professional and friendly, they made us all feel so comfortable which is so important in photographers. My fear was feeling awkward and coming out stiff in the photos especially considering Im not used to having all eyes on me and multiple cameras. But from the moment they arrived all those fears went away! They were amazing, the photos were beautiful. Aliyah got all of the photos on my shot list and photos I never knew I wanted!! Absolutely adore her and would recommend and hire again. You will not regret going with Aliyah!',	1,	52),
(9,	5,	NULL,	'Aliyah is the best!',	'Aliyah photographed our engagement shoot and wedding in the summer of 2022. Her photos are absolutely beautiful and we love them so much!! We are truly overwhelmed by all the special moments that she captured. We were also so impressed with her turnaround time on sharing the photos, which were super easy to view and download via her online platform. But most importantly, we had so much fun working with her (and her assistant, Amani! Shout-out to Amani)! Aliyah is great to be around and made us feel totally comfortable. After our engagement shoot, it felt like she was an old friend by the time of the wedding and we were genuinely so happy to have her there. One of the best pieces of wedding advice that we have is to get a photographer that you think will mesh well with your friends and family, put you at ease with all the intense emotions of the day, and bring fun and positive energy to the party. Aliyah is all those things and more, and she has our highest recommendation.',	11,	52),
(10,	5,	NULL,	'Love, love this team',	'They are easy to work with. Making every couple feel so comfortable. They really ensure that you get the best pictures possible. Highly recommend.',	12,	48),
(11,	5,	NULL,	'Feels like friends, instead of strangers!',	'Ashley and Tyler are the best! We met them over the summer and did our engagement shoot with them and absolutely fell in love with their work. Ashley was also sooooo helpful in helping to make our timeline for photos. When it came to our wedding day Ashley and Tyler were right on time and made sure we got the best shots. I got some sneak peaks back on Monday night and I am absolutely in love with them and can\'t wait to get the rest back!',	13,	48),
(12,	4,	NULL,	'Communication is On Point!!',	'A photographer was a huge priority in my wedding planning process! It was also the hardest for me to find! I found Ashley & Tyler on a facebook group and instantly fell in love with their website!! I almost went the route of having a friend take my photos until I read their personal story! it was literally like I was supposed to find them!! I reached out and got a reply within hours!! Ashley is the sweetest human and we facetimed for over an hour just talking about wedding stuff and how my fianc and I met! it was literally like being on the phone with a friend!!! she has been amazing during all the planning and planned our engagement/family session!! she was so helpful with picking out outfits since im so indecisive! her personality is so fun!! she really turned our awkwardness into beautiful pictures. i am looking forward for our big day coming up in april! honestly im more excited for it to fly by just so I can see all the awesome pictures they take!!! knowing I picked the perfect photographer just eases my stress about the big day!! her and tyler are seriously amazing!!! I have no doubt my fianc and I will counting on our friendship with Ashley and Tyler after our special day!!!',	14,	48),
(13,	5,	NULL,	'Personable & Fun!!',	'We took a chance on hiring Ashley and Tyler to capture the pictures for our engagement wedding photos. Since the time we met on Zoom, we knew working with them would be great! They made us feel comfortable and answered all of our questions. Fast forward to the time of our engagement session and we found out we werent going to be able to use the property in our original plans but Ashley reassured us that everything would workout and helped find a new location. We loved our engagement pictures! Ashley was also great about keeping in contact throughout the time leading up to the wedding and also helped with making a timeline. On our wedding day, she and Tyler were awesome. They got straight to work on capturing our special day and making everyone feel comfortable. I would definitely recommend them for any event and we will definitely plan on using them in the future.',	15,	48),
(14,	5,	NULL,	'Amazing - they made our day',	'We HIGHLY recommend CiCi & Imelda to help with your wedding! They were an amazing and dedicated team as they focused on the important details for our special day. We were very fortunate and blessed that our paths crossed. We had originally reached out for a floral arrangement quote early June, and to our relief, CiCi & Imelda had a response in the inbox the next day. It was a great sign for us and our short, 3-month engagement. They included in their quote a very reasonable offer for additional services: a day of coordinator. The Bride had always wanted a day of coordinator, but thought it wasnt in the cards. The Groom was confused by the concept and was immediately against the idea. He is now one of CiCi and Imeldas biggest fans and more than willing to admit he lived to eat his words, with, find CiCi becoming a reliable response on our big day! As for the Bride, she felt like she had a team to work with, not just organizing the wedding day itself, but also executing her dream. She had always wanted a fairytale wedding and was afraid to allow herself to hope for one. She had to admit it was everything she envisioned and more  so much of that was due to their efforts. Our wedding went off smoothly and without a hitch, all because of Ay, Poppy Floral and Event Dcor. Thank you ladies, truly!',	16,	58),
(15,	5,	NULL,	'Cosmic Cakery',	'Beautiful floral arrangements! I have worked with Ay Poppy many times with floral arrangements for cakes. I highly recommend them for any of your floral needs!',	17,	58),
(16,	5,	NULL,	'Ay Poppy Floral & Event Decor',	'We loved working with Ay Poppy for one of our brides weddings. The floral was beautiful. The team was so easy to work with and accommodating! The bride was very happy! We hope to work future events with them.',	18,	58),
(17,	5,	NULL,	'BarMasters is AMAZING!!!',	'We absolutely LOVED working with BarMasters TX! They were very professional, fun to work with, and Jenna was very knowledgable and helpful with everything. It felt good to know that we didn\'t have to worry about anything and knew our guests would have a great time. Cannot recommend BarMasters enough!',	19,	81),
(18,	5,	NULL,	'BarMasters TX more than just bartending',	'I\'ve been in the wedding industry for many years now and Jenna with BarMasters TX provides a truly excellent service from start to finish. She is easy to communicate with, friendly, and knows her stuff when it comes to planning and serving your event. I have always enjoyed working with BarMasters TX and I value their professionalism.',	25,	81),
(19,	5,	NULL,	'Amazing!!',	'Easy to work with and the flowers exceeded our expectations on wedding day!',	26,	61),
(20,	5,	NULL,	'Assistant Director of Student Engagement - TAMUC',	'First, Bubble Tap is so much fun! Dawn created a safe and fun environment for our campus. Would highly recommend.',	27,	82),
(21,	5,	NULL,	'HIGHLY Recommend',	'Dawn and her team are amazing!! I would highly recommend!! She is professional, on time, and makes the events so much fun!',	30,	82),
(22,	5,	NULL,	'Truly the best',	'If you want a VIP experience hire Dawn & The Bubble Tap! Will absolutely separate your event from the rest - we love working with her!',	31,	82),
(23,	5,	NULL,	'Cannot Recommend Enough!!!',	'Bubble Tap is AMAZING!! We rented the trailer for our rehearsal dinner and it was a big hit! We had so much fun, everyone was amazed champagne came from a tap! And the Champagne Room photo booth is a MUST! I cannot express how much fun it was trying to all pile into the trailer for pictures. Dawn was amazing, beyond perfect! The communication was top notch and she made sure everything went off without a hitch! Im making events just so I can rent this again! You will not be disappointed!!',	32,	82),
(24,	5,	NULL,	'Best Catering Ever',	'Oh my gosh the food is delicious! Chef Ds Catering is one of the best companys I have had the pleasure of working with. Frank is so professional, easy to work with, and he caters to every guest. Its very impressive how he is able to curate unique experiences for different guests each time. I love working with him!',	33,	64),
(25,	5,	NULL,	'Wow! Thank you!',	'Working with Dawn with D&J\'s Margaritas was a great experience. She made every step of the process easy and fun. Our guests had a great time at the wedding and we didn\'t have to worry about a thing. Would definitely recommend them to our friends and family and use them again in the future.',	34,	85),
(26,	5,	NULL,	'A Pleasure to Work With',	'I have worked with Dawn at D&J\'s Margaritas, Music & More several times and she has always been a pleasure to work with. She conducts herself professionally and communicates her needs well. Looking forward to working with Dawn again in the future.',	40,	85),
(27,	5,	NULL,	'An amazingly talented and skilled photographer!',	'David is truly a professional in his field and extremely talented at his craft and you can tell how passionate he is about what he does. He has an eye for detail - his photos really stand out, from the composition to the lighting. When you work with David, you will see that he has great patience, is very kind and flexible. You won\'t feel rushed through your photos and he really takes his time to get the perfect shot - every time! As a bridal makeup artist I really enjoy working with David any chance I get because I know everything will turn out great. I really can\'t say enough about how professional David is and the quality of work that he provides, and I cannot recommend him enough to everyone!',	41,	50),
(28,	5,	NULL,	'Gorgeous Work, Great Team!',	'I had the privilege of working with the De\'s Flowers team on a luxury-inspired photoshoot at a wedding venue in Fredericksburg. The product was fresh and beautifully designed, and the team was able to set up and tear down in a timely manner. Those ladies are as professional as they come, so definitely get a quote for your event before they run out of availability! 10/10 would work together with De\'s Flowers again!!',	1,	60),
(29,	5,	NULL,	'Happy Couple',	'The day ran so smoothly. We were able to enjoy town with our families and be present at our wedding.',	11,	59),
(30,	5,	NULL,	'Maternity photos',	'Evelyn took the time to coordinate with me and we both planned my maternity photos. She made my husband and I feel comfortable and cared for. He\'s a bit shy but she was able to get him put of his shell. Great photographer!',	12,	53),
(31,	5,	NULL,	'Best Photographer EVER',	'We love working with Idea House! All the photographers are so nice and every picture comes out so amazing! I normally look so bad on camera but somehow they make me look great! Ill 100% be using them again! Cant wait till the next time I need pictures taken!',	13,	51),
(32,	5,	NULL,	'Amazing videography!',	'Idea house media really made our wedding video perfect! They captured the true beauty from the beginning to the end of our special day. The shots were very cinematic and told the perfect love story. We put so much planning and effort into our wedding and Idea house media had it all covered with extensive , high end equipment and hard working , passionate videographers who care about capturing a once in a lifetime event. We highly recommend!',	14,	51),
(33,	5,	NULL,	'Beautiful and Magical Wedding Video',	'Idea House Media went above and beyond with our wedding video! They captured the best moments of the night and were very detailed with our video! They include so much creativity and hard work to each piece they create. They are great and fun people to work with. We couldnt have ask for a better videographer! Weve been married for over four years, and every time we watch our wedding video, we relive the moment all over again! We are so thankful for the entire Idea House team that made our wedding very special and one to always remember!',	15,	51),
(34,	5,	NULL,	'Amazing Photography!!! Instagram Worthy Pictures!!',	'My husband and I have used Idea House Media several times for couples photos which is why it was an easy choice for us to choose them to photograph our elopement/mini wedding. They were super professional and took amazing photos that my husband and I love! Everything is sent nice and organized in a folder we can access at any time. We continue to use them whenever we want updated couple/family pictures. There is consistency in the quality of their work and every photo they have taken of us is always Instagram-worthy! 10/10 highly recommend',	16,	51),
(35,	5,	NULL,	'Party Planner',	'Wonderful experience, great service and very knowledgeable.',	17,	84),
(36,	5,	NULL,	'Extremely Professional and Sharply Dressed',	'I highly recommend MMK Mixology Services for anyone planning a special event or occasion. We used them for our wedding reception and our expectations were beyond exceeded. They were sharply dressed and very professional, giving our wedding that extra touch of class and elegance. The drinks were the best, very creative, and properly garnished to look as good as they tasted. We couldn\'t have asked for more. Thank you MMK Mixology for making our wedding a memorable one!',	18,	84),
(37,	5,	NULL,	'Saved my bar at my wedding',	'MMK was a huge lifesaver when it came to the bar at my wedding. I had no clue what I was doing and Kealie came in and helped me figure out what to serve and how much to get for my reception. Her team was extremely outgoing and kind to all of my guests and not one person had anything negative to say about the bar. I would give 10 stars if I could because without bringing in MMK, the bar at my wedding would have been a complete disaster.',	19,	84),
(38,	5,	NULL,	'Great to work with',	'Working with Kealie and the MMK Team never ceases to amaze me. With the professionalism she has and the quality of customer service her and her team provide, I never turn down the opportunity to work with them. They have the best ideas for the bar that they allow my team to bring to life and their clients are never disappointed.',	25,	84),
(39,	5,	NULL,	'Extremely helpful',	'Was super nervous about my bar at my wedding but MMK came in right away to help ease my mind. They were extremely helpful with figuring out how much alcohol to get for the wedding, and what kinds of alcohol. Easiest process ever. Ill be using them for other events for sure.',	26,	84),
(40,	5,	NULL,	'Goes beyond all expectations',	'Working with MMK Mixology and their team made my life so much easier when it came to getting the bar together for my daughter\'s wedding. We were so stressed out and Kealie came in and was able to help me calculate how much alcohol to buy for all the guests almost perfectly. The little extra touches she gives to the bar area are super cute and her team is outgoing and kept the party going all night. She also was able to help me go over the entire wedding plan to make sure we didn\'t miss anything, and I am sure glad we did. I will be using her and her team again for my birthday party in a couple of months. I would give 10 stars if I could!',	27,	84),
(41,	5,	NULL,	'Wedding',	'The owners had a fast response and answered all questions asked. So easy to work with when renting. They went above and beyond to rent even though they were going out of town. I highly recommend them. We had so many compliments on the bar and how cool it looked.',	30,	86),
(42,	5,	NULL,	'Awesome mobile bar!',	'Rocking R&B provided an amazing mobile bar at our ranch wedding venue. We are adding them to our preferred vendor list for all of our weddings and events.',	31,	86),
(43,	5,	NULL,	'Absolutely Amazing Brunch Catering',	'My wife Sarah and I wanted to try something a tad unorthodox to celebrate our wedding: a brunch reception. We hoped to find a great, local brunch caterer, and we discovered Scratch Kitchen. The 3 other catering companies we tried in San Antonio tasted like the bland, frozen cafeteria food you\'d find in a middle school. We were floored by every dish at Scratch Kitchen, and were surprised such fresh, homemade food could be shared with 160 guests! We got only compliments at our reception about the food, and we have only compliments for Becky and her team\'s communication, professionalism, and food quality. If you want a great brunch served to your guests or coworkers, look no further!',	32,	70),
(44,	5,	NULL,	'Bride',	'INCREDIBLE caterer. The food was spectacular and had both families still talking about how good it was. Super easy to work with and quick to communicate. Excellent selection of food and treat options. Gave us all the details and information we needed super quickly. Set up and take down were so breezy. Scratch Kitchen was the perfect addition to our wedding.',	33,	70),
(45,	5,	NULL,	'Exceedingly Exceptional!!',	'I am recommending The Floral Standard for countless reasons. Here are a few of my must haves: 1. The ease and simplistic interaction, not overbearing! 2. Professionalism 3. Selection and availability 4. Understanding my vision and taking it to the next level! Totally exceeding expectations. 5. Personal service. Making me feel like I am the most important person in the room! This is The Floral Standard because I only recommend excellence!',	34,	62),
(46,	5,	NULL,	'Grace and Excellence!',	'Ive seen flower walls before BUT Ive never seen flower walls like this! The detailed work is impeccable and mind blowing. I love them.',	40,	62),
(47,	5,	NULL,	'High Standards All Around',	'The Floral Standard offers the Most gorgeous, non-cookie cutter, high-quality silk/artificial floral walls I\'ve ever seen in my 15 years of floral design. Larissa is very passionate, loves what she does, has so much energy, and is very kind. On top of that, The Floral Standard is very professional, and thorough when it comes to scheduling and executing events. I would highly recommend this company to anyone wanting a gorgeous backdrop for their event!',	41,	62),
(48,	5,	NULL,	'SUPERB and HIGHLY RECOMMENDED',	'The flower walls are so beautiful that they can be used for all Ocassions. I give this company an triple A rating and that the creator for her professionalism and care.',	1,	62);

DROP TABLE IF EXISTS `vendor_services`;
CREATE TABLE `vendor_services` (
`id` bigint(20) NOT NULL AUTO_INCREMENT,
`title` varchar(50) NOT NULL,
`vendor_id` bigint(20) NOT NULL,
PRIMARY KEY (`id`),
KEY `vendor_id` (`vendor_id`),
CONSTRAINT `vendor_services_ibfk_1` FOREIGN KEY (`vendor_id`) REFERENCES `vendors` (`id`)
) ENGINE=InnoDB DEFAULT CHARSET=utf8mb4 COLLATE=utf8mb4_general_ci;

INSERT INTO `vendor_services` (`id`, `title`, `vendor_id`) VALUES
(1,	'Bar services',	1),
(2,	'Catering services',	1),
(3,	'Clean up',	1),
(4,	'Dance floor',	1),
(5,	'Dressing room / Bridal Suite',	1),
(6,	'Event coordinator',	1),
(7,	'Event rentals',	1),
(8,	'Event staff',	1),
(9,	'Liability insurance',	1),
(10,	'Lighting/Sound',	1),
(11,	'On-site accomodations',	1),
(12,	'Pet friendly',	1),
(13,	'Service staff',	1),
(14,	'Set up',	1),
(15,	'Transportation',	1),
(16,	'Wedding cake services',	1),
(17,	'Wheelchair accessible',	1),
(18,	'Wifi',	1),
(19,	'Bride-only session',	2),
(20,	'Engagement session',	2),
(21,	'Extra hours',	2),
(22,	'Image editing',	2),
(23,	'Online proofing',	2),
(24,	'Printing rights',	2),
(25,	'Second photographer',	2),
(43,	'Ceremony microphones and sound',	3),
(44,	'Dance floor special effects',	3),
(45,	'Dancefloor lighting',	3),
(46,	'Event planning',	3),
(47,	'Fog/Snow machines',	3),
(48,	'Master of ceremonies',	3),
(49,	'Multimedia displays',	3),
(50,	'Multiple location support',	3),
(51,	'Music during breaks',	3),
(52,	'Photobooth',	3),
(53,	'Projector equipment',	3),
(54,	'Signs',	3),
(55,	'Sound system capability audience <300 -',	3),
(56,	'Sound system capability audience >300',	3),
(57,	'Sparklers',	3),
(58,	'Stage design',	3),
(59,	'Uplighting',	3),
(60,	'A La Carte',	4),
(61,	'Full-Service Floral Design',	4),
(62,	'Consultations',	4),
(63,	'Mock-ups',	4),
(64,	'Venue visits',	4),
(65,	'Cleanup',	4),
(66,	'Container rentals',	4),
(67,	'Day-of coordination',	4),
(68,	'Decor rentals',	4),
(69,	'Delivery',	4),
(70,	'Furniture rentals',	4),
(71,	'Setup',	4),
(72,	'Structure rentals',	4),
(73,	'Consultations and tastings - for a fee',	5),
(74,	'Delivery and setup',	5),
(75,	'Consultations',	6),
(76,	'Delivery',	6),
(77,	'Setup',	6),
(78,	'Tastings',	6),
(79,	'Rental coordination - directly invoice couple',	7),
(80,	'Bride-only session',	46),
(81,	'Engagement session',	46),
(82,	'Extra hours',	46),
(83,	'Image editing',	46),
(84,	'Online proofing',	46),
(85,	'Printing rights',	46),
(86,	'Same-day edits',	46),
(87,	'Second photographer',	46),
(88,	'Consultations and tastings - for a fee',	70),
(89,	'Delivery and setup',	70),
(90,	'Breakfast/brunch',	70),
(91,	'Buffet',	70),
(92,	'Dessert service',	70),
(93,	'Family-style meal',	70),
(94,	'Food stations',	70),
(95,	'Stationary appetizers',	70),
(96,	'Rental coordination - directly invoice couple',	71),
(97,	'Rental coordination - does not invoice couple',	71),
(98,	'A La Carte',	63),
(99,	'Full-Service Floral Design',	63),
(100,	'Consultations',	63),
(101,	'Mock-ups',	63),
(102,	'Venue visits',	63),
(103,	'Cleanup',	63),
(104,	'Container rentals',	63),
(105,	'Decor rentals',	63),
(106,	'Delivery',	63),
(107,	'Setup',	63),
(108,	'Structure rentals',	63),
(109,	'Architectural with branches and twigs',	63),
(110,	'Flower-forward with fresh blooms',	63),
(111,	'Foliage-centric with leaves and tall grasses',	63),
(112,	'Bouquets',	63),
(113,	'Boutonnieres',	63),
(114,	'Cake flowers',	63),
(115,	'Centerpieces',	63),
(116,	'Ceremony decor',	63),
(117,	'Flower baskets',	63),
(118,	'Flower crowns',	63),
(119,	'Flower jewelry',	63),
(120,	'Installations',	63),
(121,	'Table runners',	63),
(122,	'Cleanup and breakdown',	76),
(123,	'Consultations and tastings - complimentary',	76),
(124,	'Delivery and setup',	76),
(125,	'Rental coordination - directly invoice couple',	76),
(126,	'Serving staff',	76),
(127,	'Dessert service',	76),
(128,	'Mixers/non-alcoholic options',	76),
(129,	'Mobile bar',	76),
(130,	'Signature cocktails',	76),
(131,	'Cookies and macarons',	76),
(132,	'Cupcakes',	76),
(133,	'Donuts',	76),
(134,	'Mini desserts',	76),
(135,	'Novelties and other',	76),
(136,	'Cake toppers',	76),
(137,	'Custom text',	76),
(138,	'Fruit topping',	76),
(139,	'Live flowers',	76),
(140,	'Sugar flowers',	76),
(141,	'Cake toppers',	76),
(142,	'Custom text',	76),
(143,	'Fruit topping',	76),
(144,	'Live flowers',	76),
(145,	'Sugar flowers',	76),
(146,	'Cake toppers',	76),
(147,	'Custom text',	76),
(148,	'Fruit topping',	76),
(149,	'Live flowers',	76),
(150,	'Sugar flowers',	76),
(151,	'Cakes',	78),
(152,	'Cookies and macarons',	78),
(153,	'Cupcakes',	78),
(154,	'Mini desserts',	78),
(155,	'Novelties and other',	78),
(156,	'Cake toppers',	78),
(157,	'Custom text',	78),
(158,	'Fruit topping',	78),
(159,	'Live flowers',	78),
(160,	'Sugar flowers',	78),
(161,	'Cake filling',	78),
(162,	'Cake flavors',	78),
(163,	'Cake frosting',	78),
(164,	'Cake filling',	78),
(165,	'Cake flavors',	78),
(166,	'Cake frosting',	78),
(167,	'Candy and confections',	79),
(168,	'Novelties and other',	79),
(169,	'Consultations',	79),
(170,	'Delivery',	79),
(171,	'Setup',	79),
(172,	'Tastings',	79),
(173,	'Cakes',	80),
(174,	'Cookies and macarons',	80),
(175,	'Cupcakes',	80),
(176,	'Donuts',	80),
(177,	'Ice cream and frozen desserts',	80),
(178,	'Mini desserts',	80),
(179,	'Pies',	80),
(180,	'Novelties and other',	80),
(181,	'Consultations',	80),
(182,	'Delivery',	80),
(183,	'Setup',	80),
(184,	'Tastings',	80),
(185,	'Bartenders',	85),
(186,	'Cleanup and breakdown',	85),
(187,	'Consultations and tastings - complimentary',	85),
(188,	'Delivery and setup',	85),
(189,	'Event planner',	85),
(190,	'Beverage servingware rentals',	85),
(191,	'Mixers/non-alcoholic options',	85),
(192,	'Mobile bar',	85),
(193,	'Mobile bar',	86),
(194,	'Rental coordination - directly invoice couple',	87),
(195,	'Bartenders',	88),
(196,	'Delivery and setup',	88),
(197,	'Band Backdrop',	89),
(198,	'Ceremony microphones and sound',	89),
(199,	'Dancefloor lighting',	89),
(200,	'Fog/Snow machines',	89),
(201,	'Learning new songs',	89),
(202,	'Master of ceremonies',	89),
(203,	'Multiple location support',	89),
(204,	'Music during breaks',	89),
(205,	'Photobooth',	89),
(206,	'Sound system capability audience <300 -',	89),
(207,	'Sound system capability audience >300',	89),
(208,	'Uplighting',	89),
(209,	'Ceremony microphones and sound',	94),
(210,	'Learning new songs',	94),
(211,	'Multiple location support',	94),
(212,	'Music during breaks',	94),
(213,	'Sound system capability audience <300 -',	94),
(214,	'Sound system capability audience >300',	94),
(215,	'Ceremony microphones and sound',	95),
(216,	'Dance floor special effects',	95),
(217,	'Dancefloor lighting',	95),
(218,	'Event planning',	95),
(219,	'Fog/Snow machines',	95),
(220,	'Master of ceremonies',	95),
(221,	'Multimedia displays',	95),
(222,	'Multiple location support',	95),
(223,	'Music during breaks',	95),
(224,	'Photobooth',	95),
(225,	'Projector equipment',	95),
(226,	'Signs',	95),
(227,	'Sound system capability audience <300 -',	95),
(228,	'Sound system capability audience >300',	95),
(229,	'Sparklers',	95),
(230,	'Stage design',	95),
(231,	'Uplighting',	95),
(232,	'Band Backdrop',	96),
(233,	'Ceremony microphones and sound',	96),
(234,	'Confetti',	96),
(235,	'Dance floor',	96),
(236,	'Dance floor special effects',	96),
(237,	'Dancefloor lighting',	96),
(238,	'Event planning',	96),
(239,	'Fog/Snow machines',	96),
(240,	'Learning new songs',	96),
(241,	'Master of ceremonies',	96),
(242,	'Multiple location support',	96),
(243,	'Music during breaks',	96),
(244,	'Photobooth',	96),
(245,	'Projector equipment',	96),
(246,	'Signs',	96),
(247,	'Sound system capability audience <300 -',	96),
(248,	'Sound system capability audience >300',	96),
(249,	'Sparklers',	96),
(250,	'Uplighting',	96),
(251,	'Ceremony microphones and sound',	97),
(252,	'Dance floor special effects',	97),
(253,	'Dancefloor lighting',	97),
(254,	'Event planning',	97),
(255,	'Master of ceremonies',	97),
(256,	'Photobooth',	97),
(257,	'Sound system capability audience <300 -',	97),
(258,	'Sound system capability audience >300',	97),
(259,	'Uplighting',	97),
(260,	'Ceremony microphones and sound',	98),
(261,	'Confetti',	98),
(262,	'Event planning',	98),
(263,	'Fog/Snow machines',	98),
(264,	'Hear us live',	98),
(265,	'Master of ceremonies',	98),
(266,	'Multiple location support',	98),
(267,	'Music during breaks',	98),
(268,	'Photobooth',	98),
(269,	'Projector equipment',	98),
(270,	'Sound system capability audience <300 -',	98),
(271,	'Sound system capability audience >300',	98),
(272,	'Sparklers',	98),
(273,	'Uplighting',	98);

DROP TABLE IF EXISTS `venues`;
CREATE TABLE `venues` (
`id` bigint(20) unsigned NOT NULL AUTO_INCREMENT,
`vendor_id` bigint(20) NOT NULL,
`capacity` int(11) NOT NULL,
`address` varchar(50) NOT NULL,
`city` varchar(25) NOT NULL,
`state` varchar(25) NOT NULL,
`zip` varchar(5) NOT NULL,
`title` varchar(50) NOT NULL,
PRIMARY KEY (`id`),
KEY `venue_address_vendors_id_fk` (`vendor_id`),
CONSTRAINT `venue_address_vendors_id_fk` FOREIGN KEY (`vendor_id`) REFERENCES `vendors` (`id`)
) ENGINE=InnoDB DEFAULT CHARSET=utf8mb4 COLLATE=utf8mb4_general_ci;

INSERT INTO `venues` (`id`, `vendor_id`, `capacity`, `address`, `city`, `state`, `zip`, `title`) VALUES
(2,	15,	0,	'',	'',	'xx',	'',	''),
(3,	17,	0,	'',	'',	'xx',	'',	'');

-- 2023-04-28 20:03:21